importer,good,nexp_bin,f_bin,final_source,n_exporters,fstat_kp,sigma_pub,sigma_se_pub,sigma_base,boot_n_ok,boot_yield,boot_med,boot_sd,boot_mad_sd,base_source,boot_share_same,boot_share_hliml,boot_share_step2,boot_share_boundary,boot_n_same,boot_med_same,boot_sd_same,boot_mad_sd_same,boot_med_se_same,ratio_sd,ratio_mad,ratio_sd_same,ratio_mad_same,ratio_se_same
796,3904,4-9,F<2,hliml_boundary,4,0.392116065507944,1.8309610879549,0.808802227042554,1.8309610879549,164,0.411027568922306,1.95800469521172,2.23857284814941,0.593166584454306,hliml_boundary,0.878048780487805,0.0670731707317073,0.0548780487804878,0.878048780487805,144,1.93316942535167,1.88139246520509,0.408581421707778,0.755053429564295,2.7677629626898,0.733388910937182,2.32614649453247,0.505168517156273,0.933545191047761
60,7604,4-9,F<2,hliml_boundary,6,1.73104313510036,2.00199265527076,0.600044823708254,2.00199265527076,203,0.508771929824562,4.47804251088026,3.63399876662747,4.30257886901432,hliml_boundary,0.857142857142857,0.0689655172413793,0.0738916256157636,0.857142857142857,174,5.55213583888137,3.68639315816933,5.94680199581664,1.39540258039755,6.0562121745664,7.17042910632001,6.14352963731536,9.91059627690084,2.32549723831299
28,9208,4-9,F<2,hliml_boundary,9,0.61232783542825,3.09611418805357,0.132863269538723,3.09611418805357,303,0.759398496240602,1.85547640312042,2.61663226023256,0.700458678892171,hliml_boundary,0.313531353135314,0.316831683168317,0.36963696369637,0.313531353135314,95,2.14172982485027,3.56108741041701,1.58934166729248,0.441528307531316,19.6941733356182,5.27202650758211,26.8026477353784,11.9622351068914,3.32317809929127
620,7109,4-9,F<2,hliml_boundary,7,0.141705486132587,2.04636138893707,75.7121925053093,2.04636138893707,207,0.518796992481203,10,2.95065738370134,2.63362665009481e-15,hliml_boundary,0.835748792270531,0.0193236714975845,0.144927536231884,0.835748792270531,173,10,2.89187526787049,0,36.367221899391,0.0389720240038541,3.47847098723251e-17,0.0381956349721043,0,0.480335078089843
408,8459,4-9,F<2,hliml_boundary,7,0.77044130600529,3.73509337706009,1.27683527326679,3.73509337706009,215,0.538847117794486,2.6615422623512,2.46008353131658,1.55465204367789,hliml_boundary,0.734883720930233,0.218604651162791,0.0465116279069768,0.734883720930233,158,2.98329274025401,2.69441612205621,1.30398946153596,0.610304286899442,1.92670392400927,1.21758231169499,2.11023001828773,1.02126679050751,0.477982007293685
626,8408,4-9,F<2,hliml_boundary,9,0.974494485092456,1.00794713852519,0.168199492981297,1.00794713852519,269,0.674185463659148,3.04862027197927,3.5252649760968,2.81885185261386,hliml_boundary,0.434944237918216,0.130111524163569,0.434944237918216,0.434944237918216,117,2.04587497301555,3.64278924588183,1.46772866298661,0.387861170681596,20.9588323580072,16.7589794870982,21.6575518826736,8.72611823597958,2.30595921430468
418,0303,4-9,F<2,hliml_boundary,7,0.876093305975593,4.63914414544174,1.28106342393845,4.63914414544174,237,0.593984962406015,4.51430440516548,2.91839714372115,1.84291836470805,hliml_boundary,0.578059071729958,0.392405063291139,0.029535864978903,0.578059071729958,137,8.41470766001049,3.14635223879866,2.35035442326846,1.63255110586412,2.27810511890891,1.43858479624862,2.45604720266359,1.83469013270446,1.27437180342334
570,8414,4-9,F<2,hliml_boundary,5,0.0980279666132701,2.44581382801842,2.01922976938707,2.44581382801842,146,0.365914786967419,2.41013217742189,0.852508530193975,1.06975230827114,hliml_boundary,0.691780821917808,0.308219178082192,0,0.691780821917808,101,2.4317934465537,0.941111936576918,1.35859862582327,0.491202353294524,0.422194909721814,0.529782357852153,0.466074713658064,0.672830128804838,0.243262238275947
417,1201,4-9,F<2,hliml_boundary,5,0.193997037204859,2.99263560951651,0.404166773430459,2.99263560951651,186,0.466165413533835,3.4041723416214,1.80071365727296,0.64582885419531,hliml_boundary,0.602150537634409,0.279569892473118,0.118279569892473,0.602150537634409,112,3.11251283492627,2.1907561022872,0.512740412059666,0.366630251920279,4.45537282045476,1.5979266398217,5.42042603772858,1.26863573595539,0.907126156879301
204,4812,4-9,F<2,hliml_boundary,6,0.91833676166519,1.05190243563678,0.0361591498808874,1.05190243563678,157,0.393483709273183,1.11314252968781,3.07520273047666,0.0945632772470675,hliml_boundary,0.974522292993631,0,0.0254777070063694,0.974522292993631,153,1.10943260807507,3.1090074657944,0.0908245451413251,0.0391481456490463,85.0463227317775,2.61519636270682,85.981210178775,2.51179979176812,1.0826622245823
32,0102,4-9,F<2,hliml_boundary,5,0.517365371940572,1.20559467185174,0.431084274787015,1.20559467185174,265,0.664160401002506,2.21705659996254,2.87531053617422,1.43817574226106,hliml_boundary,0.290566037735849,0.445283018867925,0.264150943396226,0.290566037735849,77,1.29437994945406,3.21863803667809,0.091208072314963,0.400250763395839,6.66994994794189,3.33618233458322,7.46637774775784,0.211578286774729,0.928474516017988
887,3806,4-9,F<2,hliml_boundary,9,0.470739678845183,8.02876989789975,1.03462314491562,8.02876989789975,366,0.917293233082707,5.31682872027804,2.86311815101822,3.78260316913754,hliml_boundary,0.418032786885246,0.259562841530055,0.3224043715847,0.418032786885246,153,6.42305516210929,2.54956977116851,3.07294883632416,1.39903260166826,2.76730533729914,3.65602025020041,2.46424969680766,2.97011414390384,1.35221467695115
180,7226,4-9,F<2,hliml_boundary,8,1.38074695349016,1.67094935374843,0.0370887191099645,1.67094935374843,299,0.74937343358396,1.66210169455811,0.970554378791268,0.122668204883478,hliml_boundary,0.602006688963211,0.341137123745819,0.0568561872909699,0.602006688963211,180,1.63942278473757,0.944643599202599,0.0869675306330501,0.0324381694093494,26.1684523510685,3.30742629638352,25.4698361623603,2.3448512841654,0.874610129111587
152,0509,4-9,F<2,hliml_boundary,4,0.431687689029041,2.29808593454004,0.0220272211446898,2.29808593454004,170,0.426065162907268,2.45576713762121,1.2625439984942,0.514299501183617,hliml_boundary,0.288235294117647,0.264705882352941,0.447058823529412,0.288235294117647,49,2.30708042766652,,,0.0989450337164324,57.3174432762511,23.3483605492198,,,4.49194353960919
174,8707,4-9,F<2,hliml_boundary,8,0.625184442595483,1.50955973033965,0.77974261868,1.50955973033965,264,0.661654135338346,2.15272128970484,2.18220564026597,0.916078549058275,hliml_boundary,0.416666666666667,0.371212121212121,0.212121212121212,0.416666666666667,110,2.04033515120613,2.2157076143986,0.901926186951877,0.432717465236792,2.79862301737483,1.17484734976918,2.84158844382458,1.15669730670707,0.554949100985816
148,3912,4-9,F<2,hliml_boundary,5,0.148058991620813,2.55560311534733,0.889242949091062,2.55560311534733,230,0.576441102756892,2.59497517928406,1.22651011858986,1.22260789639815,hliml_boundary,0.339130434782609,0.473913043478261,0.18695652173913,0.339130434782609,78,2.13228164020181,0.624641538148976,0.453997184178241,0.608957190882199,1.37927449393165,1.37488624188455,0.702441935342251,0.510543473684321,0.68480407014151
174,8705,4-9,F<2,hliml_boundary,7,0.602156535056495,1.03496235243886,0.736772391524325,1.03496235243886,319,0.799498746867168,2.36319655271648,3.58449476534439,1.68943369923703,hliml_boundary,0.510971786833856,0.379310344827586,0.109717868338558,0.510971786833856,163,4.83084595686342,3.98462019369159,5.49415395977225,1.009535565448,4.8651317646802,2.2930198235872,5.40821051321931,7.4570573259474,1.37021361964901
324,0811,4-9,F<2,hliml_boundary,4,0.167890581613593,8.56266387734362,5.64445719785657,8.56266387734362,189,0.473684210526316,8.80887574167176,2.05985587690141,1.76596082539745,hliml_boundary,0.920634920634921,0.0740740740740741,0.00529100529100529,0.920634920634921,174,9.01656948108694,1.51182761436609,1.4580340873405,5.47036495770137,0.364934271746028,0.312866368455776,0.267842869805123,0.258312542062357,0.969156956275386
324,9107,4-9,F<2,hliml_boundary,7,1.22880525851751,1.69916788445227,2.54020543002487,1.69916788445227,252,0.631578947368421,4.31396421714475,3.75454702407247,4.83254840884271,hliml_boundary,0.694444444444445,0.00396825396825397,0.301587301587302,0.694444444444445,175,6.30692598983629,4.12146206203988,5.47535152746873,2.81999287876207,1.47804857815602,1.9024242495204,1.6224916352531,2.15547587716758,1.11014363068048
218,9109,4-9,F<2,hliml_boundary,8,0.681088302426366,1.01142646782566,0.595594833894584,1.01142646782566,219,0.548872180451128,3.00600789925401,3.50831056085897,2.77120921313552,hliml_boundary,0.698630136986301,0.0776255707762557,0.223744292237443,0.698630136986301,153,2.55511122501245,3.76216809454669,2.18646403577581,0.91732577389639,5.89043148329241,4.65284293185458,6.3166566941925,3.67105943729996,1.54018423547769
580,8539,4-9,F<2,hliml_boundary,4,0.153296399549311,1.70077403999391,0.213620131288994,1.70077403999391,106,0.265664160401002,1.6987767272022,0.752625868443231,0.667018799067782,hliml_boundary,0.867924528301887,0.0283018867924528,0.10377358490566,0.867924528301887,92,1.55618071640648,0.647032844448851,0.435651651225367,0.243328524895582,3.52319729372812,3.12245290293082,3.02889451731269,2.03937544929227,1.13907113260967
72,4803,4-9,F<2,hliml_boundary,8,0.661056146183846,3.68272101607349,5.5662342801248,3.68272101607349,298,0.746867167919799,3.64470728186935,3.69985505079469,3.5348007334794,hliml_boundary,0.48993288590604,0.295302013422819,0.214765100671141,0.48993288590604,146,4.2772452482662,3.80978805492712,4.16915584722546,4.69881807435893,0.664696249672002,0.635043470250798,0.684446227592437,0.749008330840862,0.844164625110529
31,5902,4-9,F<2,hliml_boundary,5,0.329714186235107,5.71206620265245,2.71901271686887,5.71206620265245,134,0.335839598997494,5.69068631318717,2.86161693452212,2.8365335568496,hliml_boundary,0.917910447761194,0.0671641791044776,0.0149253731343284,0.917910447761194,123,6.04340987452845,2.66666218982698,2.59460931731064,2.59391577832707,1.05244705799592,1.04322187949016,0.980746494226709,0.954246848943948,0.953991778793203
670,8902,4-9,F<2,hliml_boundary,5,0.362473047642101,1.32751236068871,0.0504119562867934,1.32751236068871,223,0.558897243107769,1.33012363063572,0.225695328495335,0.0263899727391572,hliml_boundary,0.466367713004484,0.430493273542601,0.103139013452915,0.466367713004484,104,1.32858757559228,0.0733099985966932,0.0238416323937737,0.0420050939364931,4.4770198405187,0.523486384639088,1.45421848300496,0.472936068145,0.833236736490176
50,7115,4-9,F<2,hliml_boundary,9,1.35868440396435,2.17694138040544,0.521394885089206,2.17694138040544,307,0.769423558897243,2.57415371843758,2.80425341085183,1.21279296973354,hliml_boundary,0.788273615635179,0.0618892508143323,0.149837133550489,0.788273615635179,242,2.57718208617375,2.7705846091026,0.958530665359688,0.333613988085854,5.37836770372622,2.32605459780459,5.31379322723616,1.83839675603203,0.639848985148321
90,3104,4-9,F<2,hliml_boundary,6,0.436158173580902,1.04352887656656,0.432644641356112,1.04352887656656,206,0.516290726817043,1.67898245631625,1.37699743319174,0.401299764190827,hliml_boundary,0.611650485436893,0.296116504854369,0.0922330097087379,0.611650485436893,126,1.65970382838326,1.53169664260033,0.672804235094949,0.402507361333297,3.18274468597504,0.927550524913391,3.54031113802606,1.55509665619818,0.930341723571681
20,1702,4-9,F<2,hliml_boundary,7,0.683191241810505,1.8841293009639,0.842809960614253,1.8841293009639,195,0.488721804511278,2.04733173201859,2.38082416697272,0.759006750882463,hliml_boundary,0.297435897435897,0.512820512820513,0.18974358974359,0.297435897435897,58,1.48585534578984,1.29298171751729,0.571691696446792,0.371690830656153,2.82486477169484,0.900566896871137,1.5341319845994,0.678316255339619,0.44101380859958
233,0903,10-19,F<2,hliml,13,0.579039119784961,2.29818277228413,1.18172250153249,2.29818277228413,317,0.794486215538847,2.498039524948,2.80294955121223,1.87807849030601,hliml,0.823343848580442,0.823343848580442,0.135646687697161,0.0410094637223975,261,1.88427099383323,1.90472600811313,1.04080867843237,0.893751030152327,2.37191857443459,1.58927200579702,1.61182173111117,0.880755572549917,0.756312102878033
72,5705,10-19,F<2,hliml,19,1.32196808553449,1.85882454755646,0.281465797627092,1.85882454755646,235,0.588972431077694,1.85261801854511,2.63384137567135,0.509125354990919,hliml,0.506382978723404,0.506382978723404,0.0723404255319149,0.421276595744681,119,1.85261801854511,0.926655877562389,0.232366029481088,0.284115951100489,9.35758944026612,1.80883560021544,3.29225037420034,0.825556893377664,1.00941554354291
788,7505,10-19,F<2,hliml,19,0.968102370641092,2.03171574765378,0.174647861372873,2.03171574765378,395,0.989974937343358,2.03380132113029,1.28169331241058,0.236006622367149,hliml,0.772151898734177,0.772151898734177,0.134177215189873,0.0936708860759494,305,2.03380132113029,0.65325082760014,0.153851310420285,0.198710741298831,7.33872892765723,1.35132844176817,3.74038835898167,0.880922956690617,1.13777941359719
626,3920,10-19,F<2,hliml,12,0.97199113110841,1.95385090150743,0.452367595144253,1.95385090150743,382,0.957393483709273,2.28268230698439,2.81769043323312,1.09678415007173,hliml,0.696335078534031,0.696335078534031,0.0732984293193717,0.230366492146597,266,2.00686085466374,1.04560782562133,0.651169350006466,0.404655788167711,6.22876276611856,2.42454181476456,2.31141186248741,1.43946948675406,0.894528680903133
646,2835,10-19,F<2,hliml,17,0.695290958984081,1.29088498552235,0.186340325129364,1.29088498552235,365,0.914786967418546,1.46680990445989,2.90801648423267,0.27511422623146,hliml,0.432876712328767,0.432876712328767,0.197260273972603,0.36986301369863,158,1.42746023462677,1.16667044403013,0.143206914274823,0.176210108108764,15.6059429552557,1.47640735326862,6.26096602128491,0.768523475395909,0.945635937827371
360,9110,10-19,F<2,hliml,15,1.319104891981,1.18734933320045,0.0849454041751203,1.18734933320045,357,0.894736842105263,1.32666434838846,1.81656587006379,0.279288099851964,hliml,0.69187675070028,0.69187675070028,0.2296918767507,0.0784313725490196,247,1.27681983457325,0.500342810206125,0.162092004230596,0.0922775681828134,21.3850989079859,3.28785415248827,5.89016928066687,1.90819039363722,1.08631619425316
894,1519,10-19,F<2,hliml,14,0.865285758070565,2.21717789263829,1.31009523192576,2.21717789263829,348,0.87218045112782,3.83352756580473,3.49847659469131,3.30276819814777,hliml,0.419540229885057,0.419540229885057,0.238505747126437,0.341954022988506,146,3.0069778815975,1.62775212541198,1.07551513332973,0.615413211276479,2.67039869273378,2.52101382988235,1.24246855170924,0.820944239106028,0.469746928528133
132,0405,10-19,F<2,hliml,14,1.97316744196321,2.28016851016399,0.56668971250965,2.28016851016399,389,0.974937343358396,2.38802328840887,2.3051051099958,1.01839060540472,hliml,0.879177377892031,0.879177377892031,0.0976863753213368,0.0231362467866324,342,2.25214287313926,1.65827034207235,0.822450322339921,0.690566992936799,4.06766711854955,1.79708680592535,2.92624041952078,1.45132389768928,1.21859807526511
440,8109,10-19,F<2,hliml,10,0.934377091843441,2.26443499176445,0.220966184793528,2.26443499176445,308,0.771929824561403,2.9740343983221,3.60843444019625,2.24975584363226,hliml,0.383116883116883,0.383116883116883,0.11038961038961,0.506493506493507,118,2.04449498698042,1.51092144618006,0.22719079942022,0.299011453242979,16.3302563402088,10.18144855845,6.83779487613397,1.02816998733317,1.35320005421815
340,7016,10-19,F<2,hliml,19,0.995340802008907,1.49152538860605,0.194628287976106,1.49152538860605,375,0.93984962406015,1.76511575589919,1.71232820723892,0.395836729463529,hliml,0.648,0.648,0.0533333333333333,0.298666666666667,243,1.73143992353431,0.343877769584664,0.329542862817334,0.26334971351778,8.79794106522242,2.03380882388548,1.76684372636972,1.69319098597729,1.35309063372181
417,0106,10-19,F<2,hliml,10,0.6552715040132,1.09846325100261,0.455699104802771,1.09846325100261,253,0.634085213032582,2.34431003036891,3.15330933796914,1.83487482203789,hliml,0.387351778656126,0.387351778656126,0.225296442687747,0.387351778656126,98,1.15428452259403,1.25776870020743,0.182637721074602,0.190413503722682,6.91971808751722,4.0265052151727,2.76008595793008,0.400785779804525,0.417849194163096
548,6216,10-19,F<2,hliml,12,0.807931670235687,3.96746356337351,0.984805337182297,3.96746356337351,300,0.75187969924812,2.87734269181641,2.12228296754554,1.67738112008122,hliml,0.493333333333333,0.493333333333333,0.163333333333333,0.343333333333333,148,3.40463243107978,1.47739877121348,1.54441774392838,0.890555439658993,2.15502788969216,1.7032616058728,1.50019370877963,1.5682467241163,0.904295911115826
132,8465,10-19,F<2,hliml,16,0.879427634440334,1.19331595792309,0.343768139110139,1.19331595792309,289,0.724310776942356,1.50650361401815,2.22270386308227,0.41617749781393,hliml,0.650519031141869,0.650519031141869,0.217993079584775,0.131487889273356,188,1.41469699582696,0.35653975634406,0.283335768550529,0.273169249002087,6.46570641722602,1.21063429232048,1.03715183514965,0.82420601654347,0.794632247506123
604,2002,10-19,F<2,hliml,15,0.87597649417373,1.42514183601762,0.715906107555629,1.42514183601762,356,0.892230576441103,3.00742708525969,3.09101079717593,2.21507596058254,hliml,0.356741573033708,0.356741573033708,0.25,0.393258426966292,127,1.92913328699482,0.888823684961169,0.784512940558766,0.81935352943203,4.31762037584761,3.09408725139339,1.24153667021496,1.09583216608863,1.14449858827104
586,7115,10-19,F<2,hliml,17,1.10963911006341,1.54976226162456,0.382935516504492,1.54976226162456,323,0.80952380952381,1.99514413618261,2.79906069697287,0.900077997084384,hliml,0.346749226006192,0.346749226006192,0.278637770897833,0.374613003095975,112,1.64755266310611,1.13277506675068,0.327351266724728,0.234321495109171,7.3094831279251,2.35046883428434,2.95813529413742,0.854846971920631,0.611908493753993
598,9507,10-19,F<2,hliml,18,1.02160416953376,4.03672993233084,4.21791843291054,4.03672993233084,260,0.651629072681704,3.87822787507423,3.23085056981124,3.3743762183233,hliml,0.503846153846154,0.503846153846154,0.276923076923077,0.219230769230769,131,2.63357259882301,1.68635017157932,1.85650552329952,1.0381135462456,0.765982230619339,0.800009832336857,0.399806254768105,0.440147326893294,0.246119872339319
548,8513,10-19,F<2,hliml,14,0.869910764050509,1.31470213029934,0.354824339537955,1.31470213029934,317,0.794486215538847,2.09771293468863,3.62401150993677,1.35412369440824,hliml,0.451104100946372,0.451104100946372,0.258675078864353,0.290220820189274,143,1.35541421855421,0.792276991166777,0.363396167217421,0.403767641286169,10.2135369705919,3.81632132725604,2.23287103753498,1.02415794725533,1.13793670922335
858,7205,10-19,F<2,hliml,13,1.16223776677203,1.91848746437773,0.344566992381013,1.91848746437773,390,0.977443609022556,2.32776124942555,1.05990117051356,0.626535376977932,hliml,0.68974358974359,0.68974358974359,0.230769230769231,0.0794871794871795,269,2.1814538854176,0.722859431220009,0.617982318623951,0.345144727753829,3.07603802438961,1.81832674293168,2.09787776311635,1.79350411469652,1.00167669970017
24,5406,10-19,F<2,hliml,10,1.37660220833426,2.66255376658496,2.09684579970444,2.66255376658496,324,0.81203007518797,3.59940459520035,3.22527065010468,2.92226737991767,hliml,0.478395061728395,0.478395061728395,0.342592592592593,0.179012345679012,155,2.48645372163456,2.01735496176674,1.50112232055992,1.22340779019707,1.53815347345012,1.39364915642799,0.962090279624328,0.715895427680717,0.583451482397758
212,2833,10-19,F<2,hliml,12,0.555514890606267,1.27627831030423,0.230904600445072,1.27627831030423,361,0.904761904761905,1.77885015332136,1.70891786763682,0.700771514447066,hliml,0.714681440443213,0.714681440443213,0.166204986149584,0.119113573407202,258,1.64237603958043,0.843147122778495,0.467963687517381,0.154234239372541,7.40096933687268,3.03489628658901,3.65149555770356,2.02665380687684,0.667956546016202
854,7225,10-19,F<2,hliml,13,0.7363554176506,2.58883998213207,0.676358070814815,2.58883998213207,381,0.954887218045113,3.05224669970247,1.82075658688726,0.983373865115155,hliml,0.805774278215223,0.805774278215223,0.112860892388451,0.0813648293963255,307,2.92942916756691,1.16540560708164,0.8285737949844,0.45657626330342,2.6920009761897,1.45392493643267,1.72306010287963,1.22505198169101,0.675051105331498
368,2901,10-19,F<2,hliml,17,0.717501256741124,2.80255692179743,1.1331324406492,2.80255692179743,394,0.987468671679198,3.31116610599685,2.05069680139682,0.986815916217209,hliml,0.461928934010152,0.461928934010152,0.225888324873096,0.312182741116751,182,3.28198416538068,1.0878089725778,0.732275190419657,0.959405329172268,1.8097591489146,0.870874295728252,0.960001614599052,0.64623971933953,0.846684195734966
579,8001,10-19,F<2,hliml,18,1.34774685961174,2.14727770377237,0.276968387492481,2.14727770377237,371,0.929824561403509,2.09466688583338,1.81227070949897,0.465165239063425,hliml,0.576819407008086,0.576819407008086,0.0727762803234501,0.350404312668464,214,2.12312830662833,0.727823261898102,0.319426213188402,0.302416232939809,6.54324028061927,1.67948856284565,2.62782069999906,1.15329484379178,1.09187996391111
887,7409,10-19,F<2,hliml,18,0.927394616273061,1.11257266723442,0.795404275936831,1.11257266723442,338,0.847117794486216,2.46631000725249,3.20343491829594,1.66535036650028,hliml,0.452662721893491,0.452662721893491,0.103550295857988,0.443786982248521,153,2.4274921780751,1.14071582193503,1.33043895544903,0.329069255200268,4.02742984317368,2.09371563226615,1.43413337901847,1.6726575349146,0.413713208685846
499,0210,10-19,F<2,hliml,15,0.560211228279501,1.44958631913561,0.288654884470648,1.44958631913561,379,0.949874686716792,1.7737736295087,2.90543803849837,0.619501107422731,hliml,0.686015831134565,0.686015831134565,0.158311345646438,0.155672823218997,260,1.60605271485237,1.23271215686422,0.395565654561611,0.248554729055847,10.0654386771474,2.14616533705573,4.27053974549866,1.3703757526467,0.861079241779197
340,2503,10-19,F<2,hliml,15,0.826680500827649,1.0936571644232,0.319703123831762,1.0936571644232,313,0.784461152882206,1.60973965044638,2.57284880407472,0.53318613211251,hliml,0.603833865814696,0.603833865814696,0.115015974440895,0.281150159744409,189,1.40135416786572,1.10451871605078,0.395231054455515,0.408026307591597,8.04761859452032,1.66775390156366,3.45482616126083,1.23624395570028,1.27626625195665
418,2102,10-19,F<2,hliml,10,0.384844553860254,1.6434437241844,0.318070843085131,1.6434437241844,374,0.93734335839599,1.74715952286792,2.53793339051101,0.2768221903674,hliml,0.75668449197861,0.75668449197861,0.0347593582887701,0.20855614973262,283,1.70985196571606,0.757699084446217,0.14851816474641,0.345172642388276,7.97914504169669,0.870316146184164,2.38217083055116,0.466934231713467,1.08520680185669
20,3208,10-19,F<2,hliml,13,1.64719608898825,2.96669967248549,2.44498821930961,2.96669967248549,361,0.904761904761905,2.60237032673733,2.37571465517046,1.33483352229831,hliml,0.623268698060942,0.623268698060942,0.260387811634349,0.116343490304709,225,2.29346013293972,1.3777262012954,0.852242810464249,0.576605849587439,0.971667117415103,0.545946811422766,0.563489913945037,0.348567246146035,0.235831749631192
51,2818,10-19,F<2,hliml,18,1.29811343975511,1.29341515161067,0.2147867562031,1.29341515161067,376,0.942355889724311,1.44368238485046,2.07080947624643,0.332648249696067,hliml,0.518617021276596,0.518617021276596,0.183510638297872,0.297872340425532,195,1.38010087514515,0.573164116531646,0.318841285873999,0.0980392682541031,9.64123446367565,1.54873724794055,2.66852634056109,1.48445505444715,0.456449317393658
414,7114,20-49,F<2,hliml_boundary,26,1.44537175131509,1.52770237068319,0.565791177613918,1.52770237068319,358,0.897243107769424,2.15654363536561,3.52555514854237,1.29061966780994,hliml_boundary,0.575418994413408,0.162011173184358,0.262569832402235,0.575418994413408,206,2.72814776082683,3.94473707557545,2.21951709088971,1.13730179105249,6.23119498506588,2.28108835710872,6.97207243883049,3.92285560239727,2.01010873985129
246,5508,20-49,F<2,hliml_boundary,35,1.74137853961538,1.84000952939166,0.420051888776756,1.84000952939166,393,0.984962406015038,2.10140236664894,1.82637286200116,0.379818962309644,hliml_boundary,0.27735368956743,0.544529262086514,0.178117048346056,0.27735368956743,109,2.01578767483352,2.45002620640757,0.370769142440522,0.393209463803994,4.34796964565445,0.904219151152312,5.83267513340401,0.882674622700183,0.936097359183575
192,8522,20-49,F<2,hliml_boundary,29,1.2442760277584,1.50296653489323,1.68299891500191,1.50296653489323,301,0.754385964912281,4.93194740447655,3.89335167132535,5.63763102167286,hliml_boundary,0.747508305647841,0.119601328903655,0.132890365448505,0.747508305647841,225,5.78759585089402,3.83191247283639,6.24531039146453,2.61568811353416,2.3133417595346,3.34975321220956,2.27683597338032,3.71082258924537,1.55418288759336
705,5905,20-49,F<2,hliml_boundary,21,0.59525228006929,4.24772449235213,3.07468146200105,4.24772449235213,290,0.726817042606516,3.71210506007331,3.43475776315769,3.29666516161096,hliml_boundary,0.548275862068966,0.26551724137931,0.186206896551724,0.548275862068966,159,6.22156150165631,3.42824154608991,5.60191291764435,2.4823221006878,1.1171101155052,1.07219729990027,1.11499080098488,1.82194903338004,0.807342852053449
710,1520,20-49,F<2,hliml_boundary,47,1.1870743972527,2.64419973350034,0.268136632054448,2.64419973350034,399,1,1.86864851864414,0.817601825288732,0.795391423725382,hliml_boundary,0.568922305764411,0.323308270676692,0.107769423558897,0.568922305764411,227,2.37739866787231,0.742456735613723,0.963282497643448,0.236461099632393,3.04919853368901,2.96636613069664,2.76894928501586,3.59250614234553,0.881867941059157
266,3210,20-49,F<2,hliml_boundary,26,0.833394001274504,1.02086320410224,0.470947030384471,1.02086320410224,331,0.829573934837093,2.88004050216349,3.47511241225861,2.4614468679471,hliml_boundary,0.380664652567976,0.362537764350453,0.256797583081571,0.380664652567976,126,4.74424907139843,3.41657353744647,4.94808219440269,1.54991994177296,7.37898784375305,5.2265896356489,7.25468750627274,10.5066639667803,3.29107063379854
104,2102,20-49,F<2,hliml_boundary,22,1.16722474088272,5.4487761593814,2.22946221104004,5.4487761593814,344,0.862155388471178,3.36182059264687,2.4740001904538,1.48711418898865,hliml_boundary,0.316860465116279,0.398255813953488,0.284883720930233,0.316860465116279,109,3.05812674322074,2.80587103860794,2.34854896416229,0.622434832597084,1.10968473841039,0.667028210491587,1.25854164502703,1.05341501306125,0.279186087799497
231,9024,20-49,F<2,hliml_boundary,42,1.11420404249759,8.14368068139347,4.28834036029422,8.14368068139347,354,0.887218045112782,6.06239481256008,3.64414619307715,5.83789345089843,hliml_boundary,0.406779661016949,0.0734463276836158,0.519774011299435,0.406779661016949,144,10,2.38487379351774,2.63362665009481e-15,4.49046824698725,0.849780075018841,1.36134097585899,0.556129782887409,6.14136572385807e-16,1.04713429198963
84,1701,20-49,F<2,hliml_boundary,20,0.933227279042751,1.42527171845346,0.24273468997059,1.42527171845346,354,0.887218045112782,1.79381686498342,2.35849520983993,0.733701930316939,hliml_boundary,0.686440677966102,0.155367231638418,0.15819209039548,0.686440677966102,243,1.61946741040232,2.42141368856914,0.546757567308192,0.276397476326047,9.71635002036871,3.02264966909277,9.97555680592057,2.25249043461583,1.13868139885377
32,9104,20-49,F<2,hliml_boundary,22,1.61380961936262,2.29982622824733,0.717923411729715,2.29982622824733,379,0.949874686716792,2.76541984500468,3.15418795053358,1.24352183146262,hliml_boundary,0.688654353562005,0.224274406332454,0.0870712401055409,0.688654353562005,261,2.74287585973333,3.33828860375634,1.23413311045471,0.923330061423855,4.39348807825349,1.73210931855052,4.64992302690519,1.71903171047351,1.2861122040849
499,7315,20-49,F<2,hliml_boundary,38,1.92337537772067,5.30266120527368,0.239512788688836,5.30266120527368,391,0.979949874686717,4.72320014294152,2.19501428756388,1.73310009070862,hliml_boundary,0.641943734015345,0.0997442455242967,0.258312020460358,0.641943734015345,251,4.69682526252129,1.70865773689317,1.29148323796469,0.528306479778765,9.16449722613995,7.23593967652467,7.13388936869248,5.39212642896713,2.20575478524914
454,1006,20-49,F<2,hliml_boundary,24,0.719793963722879,2.40862831577196,0.145799098461255,2.40862831577196,363,0.909774436090226,3.00936379827337,2.77907675452735,2.32635377735247,hliml_boundary,0.358126721763085,0.34435261707989,0.297520661157025,0.358126721763085,130,4.86513148897522,3.03376611387272,4.04884960706583,0.833844293149542,19.0610009517025,15.9558858861578,20.8078523522484,27.7700592788081,5.71913202447634
170,8520,20-49,F<2,hliml_boundary,36,0.990430233584195,1.00408969796404,0.42238701606341,1.00408969796404,286,0.716791979949875,2.09501424303177,3.70556906388106,1.36007574953767,hliml_boundary,0.622377622377622,0.199300699300699,0.178321678321678,0.622377622377622,178,2.31759332238077,3.70863807184105,1.46965243627928,0.905821958219549,8.77292370020382,3.21997527815461,8.78018956739025,3.47939775700551,2.14453078283913
466,6206,20-49,F<2,hliml_boundary,21,0.512065933907511,2.66115881350335,0.677387443727012,2.66115881350335,272,0.681704260651629,2.64616367750193,3.10600793329199,1.46491134502335,hliml_boundary,0.588235294117647,0.121323529411765,0.290441176470588,0.588235294117647,160,2.70372912605156,3.61810497032836,2.2083508239403,0.79862523273643,4.58527532810855,2.16259004885498,5.34126370932034,3.26010002752615,1.1789785006087
796,4202,20-49,F<2,hliml_boundary,27,1.02806144058294,1.6375521460893,0.464697511508722,1.6375521460893,265,0.664160401002506,1.94866739495907,3.52541228829818,0.935208727482347,hliml_boundary,0.524528301886793,0.237735849056604,0.237735849056604,0.524528301886793,139,1.81517530095358,3.60752830590815,0.603513776370564,0.362146843651464,7.58646689725606,2.01251072863728,7.76317543469445,1.29872392561594,0.779317372446628
800,0207,20-49,F<2,hliml_boundary,20,0.480354407620844,4.09290231264175,3.14925956077313,4.09290231264175,279,0.699248120300752,3.69575711823357,3.44718197226057,3.32980965331685,hliml_boundary,0.541218637992832,0.21505376344086,0.243727598566308,0.541218637992832,151,3.00232252791405,3.36890965530836,2.44432811896217,1.1004471742705,1.09460078019555,1.0573309659174,1.06974658337826,0.776159624760207,0.349430446438129
132,6204,20-49,F<2,hliml_boundary,27,1.96651960419024,5.54921904186679,4.49460715810969,5.54921904186679,346,0.867167919799499,2.04749904096972,2.28734210088879,0.805084223471139,hliml_boundary,0.335260115606936,0.566473988439307,0.0982658959537572,0.335260115606936,116,2.76362828262764,2.54144470771848,1.27740357147326,0.953534315774724,0.50890812487621,0.179122267008033,0.565443122906284,0.284208057909671,0.212150758059967
324,7419,20-49,F<2,hliml_boundary,20,0.7184707812979,2.61837614525528,0.348361263446599,2.61837614525528,392,0.982456140350877,2.57425931986959,2.50058682909541,0.579391116839281,hliml_boundary,0.418367346938776,0.408163265306122,0.173469387755102,0.418367346938776,164,2.59109281327876,2.39680007718577,0.467224128703093,0.351571925388555,7.17814261079213,1.66319042222701,6.88021410151183,1.34120574739136,1.00921647232012
116,8477,20-49,F<2,hliml_boundary,25,1.11380887432065,2.77155994186558,0.545653947580997,2.77155994186558,382,0.957393483709273,3.12128033673411,2.1943485437636,1.27515961989173,hliml_boundary,0.489528795811518,0.18848167539267,0.321989528795812,0.489528795811518,187,3.00291564904601,1.81165621771778,0.860374088523725,0.583840617459675,4.02150218740583,2.33693832060556,3.32015598118414,1.5767760727068,1.06998331093904
100,0402,20-49,F<2,hliml_boundary,41,1.17303857361949,8.96042010885187,2.71968915728966,8.96042010885187,398,0.997493734335839,4.0891719631185,2.76538417898714,2.86404515345571,hliml_boundary,0.374371859296482,0.407035175879397,0.218592964824121,0.374371859296482,149,2.45922865479556,2.77533909100919,1.00963937264572,0.471733684564346,1.01680156041914,1.05307812320358,1.02046187284689,0.371233370526758,0.173451323766153
392,2914,20-49,F<2,hliml_boundary,49,1.23482242761042,1.0642140533742,0.0556231831580674,1.0642140533742,391,0.979949874686717,1.15379677403592,2.49641013300677,0.160761475869794,hliml_boundary,0.462915601023018,0.219948849104859,0.317135549872123,0.462915601023018,181,1.08877502561748,0.823280908555041,0.0705961494064363,0.06472677008095,44.8807491997103,2.8901883484976,14.8010390957936,1.26918571355076,1.16366533531554
8,6202,20-49,F<2,hliml_boundary,41,1.06907815638943,3.85324136736121,1.63926638424551,3.85324136736121,373,0.93483709273183,4.07647729983704,2.41649678411458,2.09658992037192,hliml_boundary,0.632707774798928,0.0616621983914209,0.305630026809651,0.632707774798928,236,3.7099757843579,1.77799837292824,1.62905893159181,1.0567240342923,1.47413306790086,1.27898061018125,1.08463053352161,0.993773158071318,0.64463228456836
620,5206,20-49,F<2,hliml_boundary,46,1.90060405427195,4.44047652107858,1.78710995395696,4.44047652107858,397,0.994987468671679,3.98696742069555,2.23430863173401,2.11513860496524,hliml_boundary,0.591939546599496,0.236775818639799,0.171284634760705,0.591939546599496,235,5.29738951232476,2.2694183430767,2.41988766586105,0.980896901481401,1.25023568179836,1.18355258459725,1.26988176527797,1.35407877982158,0.548873279626432
196,9402,20-49,F<2,hliml_boundary,43,1.31064357639265,6.97520646490844,2.04721241414574,6.97520646490844,371,0.929824561403509,4.38792171390846,3.31910111376175,4.23602270666268,hliml_boundary,0.339622641509434,0.407008086253369,0.253369272237197,0.339622641509434,126,6.81774646051756,2.66908262263126,1.75336328336063,1.59401589420256,1.62127832501775,2.06916618783317,1.30376437940125,0.856463780331399,0.77862750498595
462,7606,20-49,F<2,hliml_boundary,30,1.26025510395844,1.61122876747987,0.19145745868773,1.61122876747987,386,0.967418546365915,1.64685243639335,1.30019540770673,0.401287488674941,hliml_boundary,0.572538860103627,0.215025906735751,0.212435233160622,0.572538860103627,221,1.58364068652716,0.456480391885499,0.309121621147665,0.186841549527254,6.79104077019726,2.09596163777274,2.38423927181665,1.61457079429769,0.975890679882028
736,5911,20-49,F<2,hliml_boundary,28,0.905911872780554,4.05195647124976,8.75077950811485,4.05195647124976,363,0.909774436090226,3.19402807962501,2.67825757508904,1.84019742820549,hliml_boundary,0.465564738292011,0.272727272727273,0.261707988980716,0.465564738292011,169,3.58437112834768,3.16464508984993,1.88234343758586,1.08807186896267,0.306059314213712,0.210289543519982,0.361641507126909,0.215105801242085,0.124339993706123
422,2711,20-49,F<2,hliml_boundary,33,1.64906563427636,2.10390474885057,0.368421586205732,2.10390474885057,396,0.992481203007519,2.86317763746908,0.814223443792961,0.752211969636967,hliml_boundary,0.606060606060606,0.320707070707071,0.0732323232323232,0.606060606060606,240,2.7874936243166,0.83065026863476,0.790105839037166,0.298796165782136,2.21003186099494,2.04171524633988,2.25461889241993,2.14456988575029,0.811016989692031
100,0808,20-49,F<2,hliml_boundary,40,1.24040682419503,8.90916467261314,2.64871366481704,8.90916467261314,377,0.944862155388471,2.01754780114627,3.42620617826699,1.16211189427585,hliml_boundary,0.636604774535809,0.148541114058355,0.214854111405836,0.636604774535809,240,1.7398195710268,3.72436014722908,0.852033417180087,0.402329065210414,1.2935358864106,0.438745761654881,1.40610145849281,0.321678189869172,0.15189602053048
540,9208,20-49,F<2,hliml_boundary,20,1.2860716031526,1.71968666775008,1.88542382380518,1.71968666775008,312,0.781954887218045,3.8681104520779,2.36280553707629,2.11750505355543,hliml_boundary,0.461538461538462,0.112179487179487,0.426282051282051,0.461538461538462,144,2.53431020259457,2.31353571338664,2.17612576088989,1.22806624951074,1.25319596965082,1.12309233967451,1.22706400766563,1.15418386752853,0.65134758244024
704,4804,20-49,F2-7,hliml,45,2.06187855166716,1.00503026179734,0.680012991221432,1.00503026179734,384,0.962406015037594,2.88973750072121,2.26596294935542,1.71757214373529,hliml,0.619791666666667,0.619791666666667,0.203125,0.177083333333333,238,2.6002111176992,1.54457349784112,1.27580712394522,0.620476375395881,3.33223479346375,2.52579313323148,2.27138822019675,1.87615110360411,0.912447825859014
392,8446,20-49,F2-7,hliml,30,2.27916610172552,1.51212851914498,0.382017880847736,1.51212851914498,385,0.964912280701754,1.78396575229784,1.76809181596057,0.452258228273737,hliml,0.857142857142857,0.857142857142857,0.114285714285714,0.0285714285714286,330,1.73982207572516,0.784815034701481,0.465017015558117,0.260393530746638,4.6282959636261,1.18386664851951,2.05439345655731,1.21726505190332,0.681626551534181
72,8512,20-49,F2-7,hliml,44,2.91721052580599,2.84393529254807,0.934805552984581,2.84393529254807,375,0.93984962406015,2.60081718934528,2.16376382784157,0.955704971088429,hliml,0.448,0.448,0.384,0.168,168,2.29999473492761,1.1813728243076,0.969469891794197,0.714785273443391,2.31466728126855,1.02235696828835,1.2637631650088,1.03708187087565,0.764635245438236
288,9507,20-49,F2-7,hliml,34,3.267680364129,3.82174202130238,2.04500941586794,3.82174202130238,340,0.852130325814536,3.97000376955346,3.3863843500441,3.31324173468102,hliml,0.238235294117647,0.238235294117647,0.214705882352941,0.547058823529412,81,2.58186119898533,2.20620176697858,1.23368524601737,0.615978733440195,1.65592604306267,1.62015964766344,1.07882230265537,0.603266291316204,0.301210707716356
222,6702,20-49,F2-7,hliml,30,3.00658056944158,1.06817755320803,1.15657190174761,1.06817755320803,261,0.654135338345865,3.07436323546783,3.4692283645583,2.52492515161609,hliml,0.421455938697318,0.421455938697318,0.111111111111111,0.467432950191571,110,1.65970521690998,1.44649233386128,0.672588277994289,0.678782928405957,2.99957863347381,2.18311126856953,1.25067220782002,0.581536069636476,0.586892113996803
531,3921,20-49,F2-7,hliml,33,2.38508609520786,1.12224809250202,0.268787159894727,1.12224809250202,338,0.847117794486216,1.86360670700462,2.90825215648219,0.792239183526217,hliml,0.659763313609468,0.659763313609468,0.207100591715976,0.133136094674556,223,1.67175453890867,1.24611777368815,0.43418185027292,0.309733870400052,10.8199073111276,2.94745918605824,4.63607627007257,1.61533702146699,1.15233878925378
642,9205,20-49,F2-7,hliml,33,2.71381890378385,2.5323267315094,1.37219741066816,2.5323267315094,323,0.80952380952381,2.62592353780455,3.05001170342607,1.45125999186036,hliml,0.520123839009288,0.520123839009288,0.284829721362229,0.195046439628483,168,2.22865593537678,1.69144425138116,1.02616652157679,1.16146446471709,2.22272078325884,1.05761749772849,1.23265372622847,0.747827181132143,0.846426655295574
384,0801,20-49,F2-7,hliml,27,2.61147592728774,1.9240862625695,0.157040393788565,1.9240862625695,349,0.87468671679198,2.09941016435972,3.31184014338795,1.03995994363591,hliml,0.6189111747851,0.6189111747851,0.177650429799427,0.203438395415473,216,1.9260508317355,1.30328774799103,0.413001225832225,0.287817903327898,21.089097292044,6.62224487946769,8.29906062096189,2.62990442056761,1.83276350997571
711,2103,20-49,F2-7,hliml,35,2.08078172657401,2.81525015920152,0.429245871831058,2.81525015920152,397,0.994987468671679,2.40060448592183,1.28707459438797,0.529662691588964,hliml,0.843828715365239,0.843828715365239,0.0906801007556675,0.0654911838790932,335,2.44212783280277,0.781629683623887,0.465481638990061,0.335988418819845,2.99845538152207,1.23393776468846,1.82093698487919,1.08441727582476,0.782741176721398
340,4414,20-49,F2-7,hliml,25,2.30876356473616,3.19125734354214,1.2100524470273,3.19125734354214,334,0.837092731829574,1.9640454450999,2.91706627285423,0.711292924552299,hliml,0.673652694610779,0.673652694610779,0.206586826347305,0.119760479041916,225,1.75832188628406,1.2387407874981,0.418040912063622,0.53663778002475,2.41069408191397,0.587819913343188,1.02370834466,0.34547338265429,0.44348307492216
430,8467,20-49,F2-7,hliml,48,2.75719237410633,5.86501228567989,5.57738358054117,5.86501228567989,334,0.837092731829574,4.21950619140657,3.22487791329772,3.30079102338877,hliml,0.634730538922156,0.634730538922156,0.179640718562874,0.18562874251497,212,2.7179352125463,2.16037407813623,1.14178740977339,0.877875385642723,0.578206226401379,0.591817108456524,0.387345436608219,0.204717390024411,0.157399141186116
710,2514,20-49,F2-7,hliml,24,2.71062842919282,2.11078029828334,0.0203996747310777,2.11078029828334,353,0.884711779448622,2.27088570724476,2.88520967860735,0.709544332498628,hliml,0.705382436260623,0.705382436260623,0.206798866855524,0.0878186968838527,249,2.12764261022318,1.42654619667797,0.350981387148852,0.395454839960658,141.434102094378,34.7821395121403,69.9298501316157,17.2052442882412,19.3853502653259
686,3204,20-49,F2-7,hliml,43,2.58260001801699,1.48731905274191,0.116747934978284,1.48731905274191,395,0.989974937343358,1.5188488177648,1.18667279449474,0.231620131307972,hliml,0.673417721518987,0.673417721518987,0.205063291139241,0.121518987341772,266,1.5052133259146,0.320491561865351,0.188529725582902,0.106741205045812,10.1644007212245,1.98393343189373,2.74515829273525,1.61484419932541,0.914287735073579
516,8716,20-49,F2-7,hliml,41,2.36268825757939,3.28769175645138,3.07037985873877,3.28769175645138,393,0.984962406015038,2.48290359229614,1.42111018186882,0.666026190563567,hliml,0.750636132315522,0.750636132315522,0.155216284987277,0.094147582697201,295,2.53173850757185,0.870678133538861,0.647959391836648,0.429649446646474,0.46284507039874,0.216919801850561,0.283573425307874,0.21103557919469,0.13993364548156
52,0902,20-49,F2-7,hliml,34,2.24616769602687,1.22068683532836,0.132849002952525,1.22068683532836,376,0.942355889724311,1.53572592914189,2.70892481119094,0.299960852500299,hliml,0.590425531914894,0.590425531914894,0.313829787234043,0.0957446808510638,222,1.44590414199443,0.823451010715166,0.228692939229608,0.229583128513361,20.3910059615502,2.25790819527259,6.19839812429329,1.72145017385892,1.72815093384935
388,2835,20-49,F2-7,hliml,20,2.06444034797021,1.52641228749393,0.145376417513224,1.52641228749393,388,0.972431077694235,1.50761772888742,0.88850939781066,0.167796495370904,hliml,0.889175257731959,0.889175257731959,0.077319587628866,0.0335051546391753,345,1.5002724120421,0.387208182418865,0.12946395252086,0.129796028755958,6.11178493052245,1.15422087186624,2.66348689176939,0.890543010588938,0.892827261644081
96,8201,20-49,F2-7,hliml,27,4.0276727119427,1.33998112673258,0.085382343723933,1.33998112673258,397,0.994987468671679,1.36980605593413,0.989366175364377,0.138725372312932,hliml,0.773299748110831,0.773299748110831,0.201511335012594,0.0251889168765743,307,1.35967618332398,0.41929073865023,0.13544941276329,0.113833578775856,11.5874797084898,1.62475479428714,4.9107429049491,1.58638667967747,1.33322152814069
32,3913,20-49,F2-7,hliml,42,3.81758003115697,1.24122603607474,0.13259469126203,1.24122603607474,395,0.989974937343358,2.0039769066048,3.24710629558314,1.0325894565644,hliml,0.351898734177215,0.351898734177215,0.4,0.248101265822785,139,1.45272048412936,0.472098230255907,0.439398301455417,0.163896346369533,24.4889615464793,7.78756258441618,3.5604610242122,3.31384535288137,1.23607019866011
132,8509,20-49,F2-7,hliml,24,2.95432488273038,2.7783896078579,0.511208010239196,2.7783896078579,372,0.932330827067669,2.93954020901562,2.35319401652606,1.65664894445753,hliml,0.647849462365591,0.647849462365591,0.110215053763441,0.241935483870968,241,2.55112024220315,1.45949970779496,1.16256395069771,0.73074769316552,4.60320255041582,3.24065529349271,2.8550016403539,2.2741504972775,1.429452744341
554,8448,20-49,F2-7,hliml,36,2.96544361110756,2.04972074055072,0.209602359894755,2.04972074055072,399,1,1.97843227242556,1.06840144768318,0.339340263063628,hliml,0.724310776942356,0.724310776942356,0.142857142857143,0.132832080200501,289,1.94483533649182,0.309243132952577,0.257497573936185,0.212525893048438,5.09727776070672,1.61897157662737,1.47538001531974,1.228505127831,1.01394799731812
818,5210,20-49,F2-7,hliml,41,2.31408737538164,1.20563331325049,0.365764702845487,1.20563331325049,394,0.987468671679198,2.48831782797092,2.16725777254939,1.85164033893767,hliml,0.426395939086294,0.426395939086294,0.324873096446701,0.248730964467005,168,1.61101668302636,1.81174286667298,0.81715719779676,0.465972845464667,5.92527861679677,5.06238115524195,4.95330154216201,2.2341062203095,1.27396887080575
528,7102,20-49,F2-7,hliml,34,3.97763873469249,2.01421867668221,0.506486535425805,2.01421867668221,354,0.887218045112782,2.02590771945945,2.91897480665475,0.665178310397181,hliml,0.646892655367232,0.646892655367232,0.121468926553672,0.231638418079096,229,1.92891343150592,1.03799945597624,0.448159891993028,0.326974605826922,5.76318342638815,1.31331884240114,2.04941174813973,0.884840683111661,0.645574132690483
100,2403,20-49,F2-7,hliml,43,2.53258132540927,2.88648210670367,0.206263499065423,2.88648210670367,388,0.972431077694235,2.9820775454798,1.83981666557415,0.57169692260479,hliml,0.804123711340206,0.804123711340206,0.0876288659793814,0.108247422680412,312,2.96896327350344,0.858889011968461,0.472013996389411,0.342247015400409,8.91973942995408,2.77168246051842,4.16403782472457,2.2884029337624,1.65927086930614
410,2904,20-49,F2-7,hliml,36,2.33355709993699,2.30074078804933,0.154705564222489,2.30074078804933,377,0.944862155388471,1.71920450034422,0.945590708057796,0.350435848029316,hliml,0.917771883289125,0.917771883289125,0.0212201591511936,0.0610079575596817,346,1.69015735885897,0.363247404366487,0.310918211963326,0.175944853801927,6.11219585287766,2.26517934109557,2.34799185273055,2.00974162452348,1.13728846590736
484,6814,20-49,F2-7,hliml,29,3.57473946020415,2.1692820579744,1.45364557159517,2.1692820579744,329,0.824561403508772,2.12692261137937,3.01073838244772,1.09585045600163,hliml,0.610942249240122,0.610942249240122,0.0334346504559271,0.355623100303951,201,1.93262239093998,1.21617484558691,0.821233067150755,0.738841762834126,2.07116400399024,0.753863580927154,0.836637808659464,0.564947249314405,0.508268161972491
620,9306,20-49,F2-7,hliml,32,2.56908578691274,7.30573895158932,2.71321020370633,7.30573895158932,387,0.969924812030075,5.16225747343549,2.68913305883613,2.80635835466633,hliml,0.602067183462532,0.602067183462532,0.209302325581395,0.188630490956072,233,4.9097070705058,1.90419448034493,1.74334199413144,1.36765643903131,0.991125956685068,1.03433134330424,0.701823425897389,0.642538492502342,0.504073159227784
70,3406,20-49,F2-7,hliml,44,3.19083701049211,1.81056838952081,4.69605742310974,1.81056838952081,388,0.972431077694235,2.54841382380864,2.32777646376639,1.44227333536563,hliml,0.621134020618557,0.621134020618557,0.262886597938144,0.115979381443299,241,1.90372905834523,1.17785922339505,0.865004049648775,0.469535049326564,0.495687393495486,0.307124297132329,0.250818743739951,0.184197928541506,0.0999849463117589
104,6301,20-49,F2-7,hliml,24,2.87939125288841,2.14177347556844,1.17829786706527,2.14177347556844,285,0.714285714285714,2.29201030024505,3.44175199869147,1.66526913227394,hliml,0.592982456140351,0.592982456140351,0.140350877192982,0.266666666666667,169,1.80617342585845,1.66383194737795,1.00552114556418,0.611306101231398,2.9209524135554,1.41328366860371,1.41206395588407,0.853367534364279,0.518804385816253
764,9305,20-49,F2-7,hliml,45,2.73691874658644,6.220833544952,1.72630611340127,6.220833544952,395,0.989974937343358,4.55720842327207,2.72886325780165,3.31714217498073,hliml,0.787341772151899,0.787341772151899,0.146835443037975,0.0658227848101266,311,3.41509982889605,2.29572242268942,2.48108323115366,0.910032512695767,1.5807528204978,1.92152605452176,1.32984666211154,1.43722090299807,0.527155934646359
246,9604,20-49,F<2,hliml,26,1.01555304931926,1.57639909381489,0.597531317640969,1.57639909381489,357,0.894736842105263,1.66965563004899,2.25453727149569,0.544482777952491,hliml,0.787114845938375,0.787114845938375,0.092436974789916,0.120448179271709,281,1.55689907980075,1.0803409958478,0.41492043575949,0.366273767101217,3.77308637210268,0.911220486487786,1.80800731937021,0.694391111410831,0.612978359941453
348,7611,20-49,F<2,hliml,29,1.35525125417974,2.56107609424265,1.04014385053374,2.56107609424265,365,0.914786967418546,2.1157257070902,2.16193730007368,1.00529003674208,hliml,0.682191780821918,0.682191780821918,0.128767123287671,0.189041095890411,249,2.14327878238016,1.1646397491554,0.873992831377599,0.655735098216568,2.07849837208987,0.966491352351137,1.11969103942476,0.84026149933888,0.63042731818304
430,4802,20-49,F<2,hliml,38,1.52755667926028,1.49067511049374,0.146967587559808,1.49067511049374,396,0.992481203007519,1.51266042408086,2.34758496381652,0.286953158093839,hliml,0.507575757575758,0.507575757575758,0.159090909090909,0.333333333333333,201,1.48061394724773,1.02426306421304,0.191965402020357,0.140108167012339,15.9734877791416,1.95249281054617,6.96931263021666,1.3061750907644,0.953326984123779
60,3303,20-49,F<2,hliml,27,1.83078426320672,1.20262445666402,0.13095198193996,1.20262445666402,291,0.729323308270677,1.20473794610304,0.916396720335304,0.154284499555682,hliml,0.890034364261168,0.890034364261168,0.0721649484536082,0.0378006872852234,259,1.19081564741439,0.479602128604584,0.152616233228999,0.163144838719281,6.99795991446288,1.1781761319689,3.66242741422942,1.16543660483866,1.24583710992692
498,4407,20-49,F<2,hliml,30,1.89870105227214,2.86210073603595,0.926730527703846,2.86210073603595,399,1,2.18049682162851,0.45032607570968,0.399775169262488,hliml,0.837092731829574,0.837092731829574,0.102756892230576,0.0601503759398496,334,2.11449388483921,0.438418280295399,0.458970751485675,0.173792030762637,0.485929903297186,0.431382324539376,0.473080649864492,0.495258047258747,0.187532433180161
807,1515,20-49,F<2,hliml,41,1.20911787298166,2.14731427258351,1.10601627513302,2.14731427258351,390,0.977443609022556,2.51611558348378,1.63957188486188,0.662621311690167,hliml,0.756410256410256,0.756410256410256,0.156410256410256,0.0871794871794872,295,2.41158810905458,0.909821313649614,0.552079533647923,0.446640156437368,1.48241207812669,0.59910629399235,0.822611144253001,0.499160406641869,0.403827833712168
558,4809,20-49,F<2,hliml,21,1.18882483368459,1.03955571030509,0.842319974785021,1.03955571030509,363,0.909774436090226,2.21356286731659,2.57793243664254,0.953191867592412,hliml,0.482093663911846,0.482093663911846,0.303030303030303,0.214876033057851,175,1.99634154540995,1.04489830385962,0.706454405691702,0.454655945975583,3.06051442897397,1.13162681181304,1.24050044536377,0.838700763177324,0.539766311598655
600,2916,20-49,F<2,hliml,26,0.697863738544906,1.75888995685095,0.660352649142879,1.75888995685095,381,0.954887218045113,1.65972007044203,1.10714473668029,0.571326875396007,hliml,0.650918635170604,0.650918635170604,0.241469816272966,0.10761154855643,248,1.50191108240013,0.744587777443589,0.337168462539373,0.35362249011042,1.67659619162175,0.865184498218603,1.12756082437171,0.510588490826847,0.535505522041008
32,2007,20-49,F<2,hliml,39,1.75258143816504,2.28049520489919,0.148505773300537,2.28049520489919,397,0.994987468671679,2.51249759032201,1.66415341035459,0.517265812623288,hliml,0.604534005037784,0.604534005037784,0.294710327455919,0.100755667506297,240,2.46769054206357,1.18129200121835,0.407583428394676,0.192928185019532,11.2059846117012,3.48313605004755,7.95451903965865,2.7445628498889,1.29912919027799
50,1602,20-49,F<2,hliml,23,1.34429308480891,2.66462680881983,1.62052311000107,2.66462680881983,375,0.93984962406015,3.23324260556117,2.92913249696148,2.16392220593116,hliml,0.709333333333333,0.709333333333333,0.218666666666667,0.072,266,2.68647242250706,1.98398082115624,1.34865935976512,0.87440318215457,1.80752281709796,1.33532326233208,1.2242841887981,0.832237042126618,0.539580816069938
642,3914,20-49,F<2,hliml,35,0.820813243175033,1.49227224522468,0.832432847599936,1.49227224522468,332,0.832080200501253,4.11706994604399,3.15637695688615,3.48923602811923,hliml,0.503012048192771,0.503012048192771,0.30421686746988,0.192771084337349,167,2.08217751833288,2.01440066844871,1.23210301031314,0.856939911779853,3.79174964801857,4.19161261857862,2.41989570000344,1.48012300795858,1.02944028968892
705,5311,20-49,F<2,hliml,21,1.39815105327616,3.56757880111137,1.59501327295787,3.56757880111137,335,0.839598997493734,3.21874369824009,2.91835769159357,1.9313400700291,hliml,0.477611940298507,0.477611940298507,0.22089552238806,0.301492537313433,160,3.03374799076961,1.38286092230374,1.23313887889294,0.77384598699816,1.82967611685238,1.2108614409506,0.866990228701542,0.773121390147524,0.485165860446479
711,8201,20-49,F<2,hliml,34,1.93063203350144,1.29764892118649,0.0584672988202095,1.29764892118649,396,0.992481203007519,1.30605988783732,1.46146089278951,0.0354603213840744,hliml,0.553030303030303,0.553030303030303,0.143939393939394,0.303030303030303,219,1.30162343245287,0.39993425813786,0.032994832131925,0.053924904574032,24.9962102282781,0.606498369167302,6.84030673911723,0.564329681680457,0.922308806155974
156,7904,20-49,F<2,hliml,34,1.19878584512359,1.47864798232436,0.684661217621774,1.47864798232436,394,0.987468671679198,1.94916046737173,1.73147482385684,0.689039235312031,hliml,0.639593908629442,0.639593908629442,0.208121827411168,0.152284263959391,252,1.77943924194517,0.703743242197183,0.531205917247998,0.400937140387531,2.52895122330904,1.00639442921196,1.02787075430049,0.775866813506956,0.585599315498282
740,8537,20-49,F<2,hliml,38,1.24676422861577,1.89849398878854,1.3710165975469,1.89849398878854,387,0.969924812030075,1.81798798720258,2.09065165699212,0.749981605697474,hliml,0.671834625322997,0.671834625322997,0.170542635658915,0.157622739018088,260,1.62226516224104,1.02254784174055,0.574450880657122,0.264568274022865,1.52489157369271,0.547025912771139,0.745831847382559,0.418996299304445,0.192972334905534
729,9404,20-49,F<2,hliml,47,1.49893933232305,1.08208510428581,0.142715168727688,1.08208510428581,238,0.596491228070175,1.17212542482506,2.5151330654822,0.189343071378041,hliml,0.756302521008403,0.756302521008403,0.109243697478992,0.134453781512605,180,1.11092123175777,0.283104546903416,0.119522462951788,0.156126921727454,17.6234459721747,1.32672001908447,1.98370327013804,0.837489553614628,1.09397566579175
32,2935,20-49,F<2,hliml,35,1.63499446808902,2.33443429296417,0.690558716685304,2.33443429296417,365,0.914786967418546,2.03433956446263,2.16657425403436,0.821400831078758,hliml,0.652054794520548,0.652054794520548,0.136986301369863,0.210958904109589,238,1.9900893247596,1.17672178325019,0.686306883229157,0.429370839553851,3.13742220854725,1.18947283008967,1.70401409006678,0.993842908135957,0.621773108034665
490,5905,20-49,F<2,hliml,26,1.17795651574644,1.2783810857452,0.4624764235105,1.2783810857452,334,0.837092731829574,2.08927376696443,2.82763758979245,1.24361162510871,hliml,0.541916167664671,0.541916167664671,0.170658682634731,0.287425149700599,181,1.72273079441352,1.52680402017065,0.72404628500814,0.471753615513532,6.11412267965753,2.68902707659968,3.30136617253093,1.56558528867732,1.02005981609314
804,1105,20-49,F<2,hliml,21,1.32351580432694,1.24382382806474,0.0658718662632914,1.24382382806474,330,0.827067669172932,1.33714724268127,2.54643361750324,0.237820340844468,hliml,0.384848484848485,0.384848484848485,0.287878787878788,0.327272727272727,127,1.23916811663596,0.68105227096316,0.0940338803563249,0.086890492131179,38.6573777540337,3.61034769978878,10.3390462362335,1.4275271931794,1.31908350347743
458,2102,20-49,F<2,hliml,46,1.45910909649368,2.16872643183224,2.1911542413548,2.16872643183224,387,0.969924812030075,2.67073359223185,2.79779347141126,0.877688255599903,hliml,0.17312661498708,0.17312661498708,0.377260981912145,0.449612403100775,67,2.43359895244719,0.71712745880736,0.75064838845021,0.433791011964673,1.27685829623814,0.400559777597959,0.327282965878275,0.342581263465086,0.197973745424904
251,5403,20-49,F<2,hliml,48,1.5563051785303,1.4754342572353,0.362768141537207,1.4754342572353,393,0.984962406015038,1.56926325299926,1.55742044603956,0.270348705552,hliml,0.758269720101781,0.758269720101781,0.198473282442748,0.0432569974554707,298,1.52628329598818,0.912464071656989,0.255555980512164,0.222227827398342,4.2931566135882,0.745238279211661,2.51528171076567,0.70446092490168,0.612589149798728
178,8535,20-49,F<2,hliml,42,1.51029608565089,1.22564227166799,0.491403491598993,1.22564227166799,307,0.769423558897243,1.61207091459959,2.16358253094642,0.42837166409098,hliml,0.713355048859935,0.713355048859935,0.130293159609121,0.156351791530945,219,1.53592263482687,0.838153195022399,0.328102966068921,0.289646059410176,4.40286356921534,0.871731014155166,1.70563133830227,0.667685459460812,0.589426132215072
626,3917,20-49,F<2,hliml,22,0.37819424876067,1.29588229688017,0.377321079559163,1.29588229688017,335,0.839598997493734,1.56917277662193,2.41147670954259,0.600334016116842,hliml,0.844776119402985,0.844776119402985,0.116417910447761,0.0388059701492537,283,1.45635919196802,0.905965555031003,0.442955365838066,0.350048901624987,6.39104688335994,1.5910428773771,2.40104675861066,1.17394810370941,0.927721562850296
398,3210,20-49,F<2,hliml,45,1.84532551994643,1.71364994018123,0.218006938445937,1.71364994018123,357,0.894736842105263,1.60890353663887,1.37219702192262,0.331686137308564,hliml,0.745098039215686,0.745098039215686,0.0868347338935574,0.168067226890756,266,1.64998171362978,0.407268358728547,0.322473616825806,0.190425176674762,6.29428141922605,1.52144761847026,1.86814402161582,1.47918969517466,0.873482183788317
100,8907,20-49,F<2,hliml,29,1.35522694786648,1.80218424561316,0.430142248050471,1.80218424561316,373,0.93483709273183,2.00492555486084,3.33553283097155,0.772800048423238,hliml,0.546916890080429,0.546916890080429,0.0831099195710456,0.369973190348526,204,1.85273138000353,0.890336296100793,0.383380781712373,0.378165502529477,7.75448783766102,1.79661507774647,2.06986479504409,0.891288366697216,0.879163821371727
388,5608,20-49,F<2,hliml,22,0.295166960971218,1.86446909281425,0.343075095040672,1.86446909281425,284,0.711779448621554,4.511416314773,3.41076501654186,4.13751499775307,hliml,0.211267605633803,0.211267605633803,0.366197183098592,0.422535211267606,60,2.1081968441553,1.66781786410362,1.31289757659255,0.667274012726934,9.94174472541505,12.0600855543378,4.86137842184639,3.82685189211099,1.94497945893691
288,5007,20-49,F<2,hliml,20,1.40672121101078,2.28029105678484,0.692019448552948,2.28029105678484,377,0.944862155388471,2.66918991668161,3.2689871451932,1.68375345084285,hliml,0.397877984084881,0.397877984084881,0.331564986737401,0.270557029177719,150,1.90625289112318,1.35508531252959,0.406570593122945,0.400684120391469,4.72383710028503,2.43310134471463,1.95816073574688,0.587513246879272,0.5790070224606
344,8455,20-49,F<2,hliml,30,1.97524612200171,3.35670757223205,3.00799119345993,3.35670757223205,392,0.982456140350877,2.9510439579025,2.27656757082174,1.31115700642666,hliml,0.497448979591837,0.497448979591837,0.193877551020408,0.308673469387755,195,2.37964520900597,1.33099558895901,0.827875517077707,0.808499864262204,0.756839839083149,0.435891238404361,0.442486531161695,0.275225379275611,0.268783986475782
246,3503,20-49,F<2,hliml,33,1.6713825769584,1.09483572622992,0.156810320258541,1.09483572622992,376,0.942355889724311,1.19105852377823,1.79001492407096,0.155369260942612,hliml,0.518617021276596,0.518617021276596,0.287234042553192,0.194148936170213,195,1.14031039473961,0.785310044040136,0.0985624434968075,0.128437105746721,11.4151601828227,0.990810175544869,5.008025254622,0.62854564249536,0.819060285923536
376,9606,20-49,F<2,hliml,39,1.6694602212009,1.05646715786684,0.263694738025465,1.05646715786684,299,0.74937343358396,1.78138391255075,2.69740666101868,0.875890014736573,hliml,0.779264214046823,0.779264214046823,0.173913043478261,0.0468227424749164,233,1.57191641631048,1.23687008407898,0.591923599195983,0.435093481490204,10.2292775396913,3.3216059648941,4.69053760170039,2.24473041680043,1.64998924418502
258,0708,4-9,F<2,hliml,8,1.99497529718625,1.50898719442402,0.105537577423261,1.50898719442402,329,0.824561403508772,1.71771583600041,1.16645822503484,0.346724804739496,hliml,0.601823708206687,0.601823708206687,0.188449848024316,0.209726443768997,198,1.56399313599975,0.247841343045696,0.20011597294534,0.11631876330088,11.0525393278333,3.28532086110853,2.34837059080598,1.89615848526416,1.10215494936349
418,2505,4-9,F<2,hliml,6,0.10943786254598,1.11390911001797,0.115026062245748,1.11390911001797,234,0.586466165413534,1.5741811839805,1.89435350762497,0.44130702164728,hliml,0.692307692307692,0.692307692307692,0.153846153846154,0.153846153846154,162,1.39359881577948,0.33174432596251,0.33304384285829,0.120436519665824,16.4689068776236,3.83658288418539,2.88407965538933,2.89537724195718,1.04703679596122
626,2523,4-9,F<2,hliml,8,0.800003946102797,1.23120516706272,0.326269329696964,1.23120516706272,304,0.761904761904762,1.66741964261634,1.22860388577015,0.8570468557312,hliml,0.62171052631579,0.62171052631579,0.273026315789474,0.105263157894737,189,1.30300515203912,0.785765468729715,0.294143909110194,0.204329588399398,3.76561255975629,2.6268079090585,2.40833384326846,0.901537111635323,0.626260484211549
262,0304,4-9,F<2,hliml,6,1.33478133497679,5.52791139267569,1.7385493578694,5.52791139267569,244,0.611528822055138,6.19876041778337,2.73206624146401,3.68618490122305,hliml,0.430327868852459,0.430327868852459,0.233606557377049,0.336065573770492,105,5.37053224781208,1.84304536052751,2.42286788034084,1.22536262401671,1.57146314489004,2.12026473941498,1.06010528385928,1.39361466464781,0.704819002388517
308,2520,4-9,F<2,hliml,8,1.18309508872503,1.0499051570719,0.465753110328593,1.0499051570719,286,0.716791979949875,1.35939664855366,2.34201141995468,0.317438508179753,hliml,0.486013986013986,0.486013986013986,0.188811188811189,0.325174825174825,139,1.28005154100931,0.381453423125309,0.118270116755971,0.115402764131912,5.02843967762741,0.68155960988816,0.819003490618002,0.253933069115804,0.247776690209312
711,2814,4-9,F<2,hliml,5,0.960358794277415,1.55541864978634,0.575917363356126,1.55541864978634,268,0.671679197994988,2.17510446656528,3.27416537827717,1.25986627335846,hliml,0.126865671641791,0.126865671641791,0.324626865671642,0.548507462686567,34,1.44387066631035,,,0.115836361307332,5.68513051802632,2.18758168015054,,,0.201133649856121
566,9110,4-9,F<2,hliml,6,1.27512707593436,1.80795331222269,0.214758456412179,1.80795331222269,231,0.578947368421053,1.79793423555842,1.28950027773478,0.176636938352337,hliml,0.813852813852814,0.813852813852814,0.116883116883117,0.0692640692640693,188,1.80166034619273,0.307098260071649,0.123741430768047,0.206153722083701,6.00442142897453,0.822491189885082,1.4299705129294,0.576188862759164,0.959932966215944
24,2908,4-9,F<2,hliml,5,1.21239792574048,4.62860193568809,9.28522188740574,4.62860193568809,213,0.533834586466166,9.496257740516,2.93429707415548,0.746848273910988,hliml,0.258215962441315,0.258215962441315,0.0422535211267606,0.699530516431925,55,4.41586421698095,2.25575891928992,2.20579800013576,10.4108201763633,0.316017981017286,0.0804340793324493,0.242940766159781,0.237560074156941,1.12122470551666
170,9204,4-9,F<2,hliml,6,0.686260040910245,1.82498887669659,1.39948482541801,1.82498887669659,266,0.666666666666667,2.24114363601481,2.8028845902934,1.57476222889853,hliml,0.639097744360902,0.639097744360902,0.12781954887218,0.233082706766917,170,1.67060864060611,0.910330081955827,0.785308077752356,0.668450835356962,2.00279741472453,1.12524423294706,0.650475135865746,0.561140830889535,0.477640645483459
584,8712,4-9,F<2,hliml,4,0.715527659305461,3.68896961035235,2.81681006965761,3.68896961035235,142,0.355889724310777,3.58739981361678,2.03575151226456,0.579113618901568,hliml,0.338028169014085,0.338028169014085,0.47887323943662,0.183098591549296,48,3.24643330594366,,,0.992409926866466,0.722715221091215,0.20559200108652,,,0.352316948010305
849,5208,4-9,F<2,hliml,5,0.0517957779663507,3.51162269335165,1.62336715219759,3.51162269335165,166,0.416040100250627,5.65706962957367,2.12750591626357,2.86863210750394,hliml,0.542168674698795,0.542168674698795,0.072289156626506,0.385542168674699,90,6.78257133139463,1.58129715221074,1.66866882311975,0.274120631946441,1.31055129049736,1.76708768784721,0.974084728812023,1.02790599209848,0.168859294445719
858,5502,4-9,F<2,hliml,8,0.712070987573593,5.37296910601791,0.321661691189664,5.37296910601791,352,0.882205513784461,5.34190497807627,2.13110789666157,0.662902561705881,hliml,0.664772727272727,0.664772727272727,0.167613636363636,0.167613636363636,234,5.29320297523586,1.40724344100678,0.385180396750237,0.214381965907576,6.62530837532961,2.06086885651238,4.37491774603961,1.19747053286218,0.666482741897815
690,4007,4-9,F<2,hliml,6,0.580353230446041,2.22139605566972,1.14453047832998,2.22139605566972,276,0.691729323308271,2.8130844838812,3.71155259141953,1.67917482054882,hliml,0.41304347826087,0.41304347826087,0.144927536231884,0.442028985507246,114,2.14102849695947,1.33335479515114,0.643736654586459,0.71271027468018,3.24286042328481,1.46712984262241,1.16497971910427,0.562446056941842,0.62270973833752
426,9006,4-9,F<2,hliml,9,0.335226152601461,1.647684440094,0.572683856706478,1.647684440094,274,0.68671679197995,1.97247066851786,2.63682168619436,0.726702969035459,hliml,0.354014598540146,0.354014598540146,0.204379562043796,0.441605839416058,97,1.47937723664522,0.466759125966485,0.440373358694659,0.271581752524811,4.60432340691215,1.26894264702125,0.815038036257615,0.768964156292547,0.474226310632685
586,7402,4-9,F<2,hliml,8,0.834925155802354,1.28095838503271,0.268252836766858,1.28095838503271,343,0.859649122807018,1.42689132717203,2.02584842718934,0.546070126546759,hliml,0.113702623906706,0.113702623906706,0.0816326530612245,0.80466472303207,39,1.09472052218119,,,0.183113500613457,7.55201119811468,2.03565462020204,,,0.682615337158963
20,4417,4-9,F<2,hliml,7,1.27504511569221,2.70864809167184,0.844806577131317,2.70864809167184,324,0.81203007518797,2.19052939212284,2.58254539189198,0.876414602522935,hliml,0.533950617283951,0.533950617283951,0.296296296296296,0.169753086419753,173,2.00967865327231,1.29763533957498,0.63304092454422,0.407798727246133,3.05696648416428,1.03741451149558,1.53601472183292,0.74933238173147,0.482712538331416
20,1516,4-9,F<2,hliml,5,0.282852900463861,2.14556621545817,0.279377818986451,2.14556621545817,298,0.746867167919799,2.16954201157672,1.46388239917387,0.196621203308719,hliml,0.416107382550336,0.416107382550336,0.0302013422818792,0.553691275167785,124,2.15548044268941,0.465661006605164,0.0481448353916805,0.220135049469821,5.23979464255489,0.70378244064628,1.66677873101926,0.172328768140378,0.787947483692316
296,0706,4-9,F<2,hliml,4,0.171973963846174,1.03924951518445,0.288613749343248,1.03924951518445,187,0.468671679197995,1.75893516827918,2.82124838597229,0.98309922648621,hliml,0.754010695187166,0.754010695187166,0.0160427807486631,0.229946524064171,141,1.32883249237494,0.944303729477243,0.406646183443707,0.288613749343341,9.77516972906578,3.40627994585599,3.27185981827285,1.40896330950638,1.00000000000032
558,4812,4-9,F<2,hliml,9,1.0714545701873,1.49698121517353,0.29932335052797,1.49698121517353,302,0.756892230576441,1.74976394321154,3.14041707274896,0.813134855108391,hliml,0.447019867549669,0.447019867549669,0.145695364238411,0.407284768211921,135,1.55920295245329,1.12712686735038,0.405131572771537,0.273172321980397,10.4917209673407,2.71657675110919,3.76558282326544,1.35349137331563,0.912632848384711
508,2601,4-9,F<2,hliml,7,0.248991602174504,2.50027246394429,0.474249827924581,2.50027246394429,319,0.799498746867168,2.65752339541216,1.67966216680497,0.588297113218779,hliml,0.54858934169279,0.54858934169279,0.225705329153605,0.225705329153605,175,2.43280743246518,0.904551545956302,0.2989156478601,0.266855478519943,3.54172435687647,1.24047933932479,1.90733131083002,0.630291526236749,0.562689668624149
96,2621,4-9,F<2,hliml,8,1.26960041519372,2.85455895063428,0.379019397553881,2.85455895063428,374,0.93734335839599,2.90087194861414,1.70941587502642,0.288541456002394,hliml,0.631016042780749,0.631016042780749,0.133689839572193,0.235294117647059,236,2.92139710348434,0.713947713520766,0.174845731574725,0.411676891127071,4.51010129312291,0.761284139715766,1.8836706462214,0.46131077381038,1.08616311931251
586,2703,4-9,F<2,hliml,9,1.35423909987707,3.47676496318552,0.825218460959532,3.47676496318552,252,0.631578947368421,3.73409782130064,3.01061973408396,2.65496019886624,hliml,0.484126984126984,0.484126984126984,0.281746031746032,0.234126984126984,122,2.36350825858178,1.26968109464216,1.2067592573276,0.733674982059575,3.64826997518128,3.2172816344646,1.53859996438498,1.46235126141559,0.889067582427187
704,1508,4-9,F<2,hliml,4,0.343631903232553,4.75188504349135,0.269810896623867,4.75188504349135,98,0.245614035087719,6.31133482303355,2.21449430818012,2.30936370598945,hliml,0.469387755102041,0.469387755102041,0.428571428571429,0.102040816326531,46,4.93757060279715,,,0.339150686014179,8.2075792189641,8.55919362370619,,,1.25699402899571
56,5003,4-9,F<2,hliml,6,0.901603152574605,2.76858514626211,0.135671172750951,2.76858514626211,348,0.87218045112782,3.07806978656554,2.40256012555895,0.67307021224976,hliml,0.629310344827586,0.629310344827586,0.0689655172413793,0.301724137931035,219,2.82302420190024,1.09612823318888,0.308912103837743,0.148116280417522,17.7087002112768,4.96104071780452,8.0793009374292,2.27691776796834,1.09172993359036
72,1210,4-9,F<2,hliml,4,0.809523674575389,2.38965646845134,1.70202314117277,2.38965646845134,240,0.601503759398496,2.29372643538572,2.12677155820768,0.889693327895479,hliml,0.729166666666667,0.729166666666667,0.05,0.220833333333333,175,2.25077624539827,0.902915987119916,0.548391261131119,1.58213440389963,1.24955501882438,0.522726927956125,0.530495717289581,0.322199650442621,0.929561041578711
466,3602,4-9,F<2,hliml,9,0.491324537895357,1.22839881040526,0.168574397235677,1.22839881040526,372,0.932330827067669,1.49047529162394,1.73266236234909,0.519451818688637,hliml,0.768817204301075,0.768817204301075,0.110215053763441,0.120967741935484,286,1.4566872668987,0.631975915321163,0.463809795818363,0.184164804666003,10.2783245306624,3.08143957330847,3.74894364556217,2.75136558946095,1.09248383910002
60,8534,4-9,F<2,hliml,7,0.00759023495381106,1.02274917919147,0.0400995151879684,1.02274917919147,85,0.213032581453634,1.05452329132609,2.11761738766254,0.0275151539551339,hliml,0.752941176470588,0.752941176470588,0,0.247058823529412,64,1.05507683545236,0.0303661968479171,0.025328933386929,0.0364074820403502,52.8090521228525,0.686171736145818,0.757270922243676,0.631651860831693,0.907928234785092
762,0906,4-9,F<2,hliml,7,0.134951036514704,6.66650663117906,4.0964623692486,6.66650663117906,326,0.817042606516291,6.75879147971643,2.34025587623667,3.28801174332466,hliml,0.466257668711656,0.466257668711656,0.392638036809816,0.141104294478528,152,5.68997865194919,1.41810992731781,1.00633027386968,2.5172377021025,0.571287043621967,0.802646636768145,0.346179166190638,0.245658371336208,0.614490620248081
776,2521,4-9,F<2,hliml,4,0.00297019348228152,1.21848520564948,0.402786240819523,1.21848520564948,193,0.483709273182957,1.47691936585396,3.32352952342694,0.229748277480763,hliml,0.683937823834197,0.683937823834197,0.113989637305699,0.202072538860104,132,1.33245789655303,0.210658701756589,0.214116582173054,0.081715850729913,8.25134820063557,0.570397531487941,0.523003718617535,0.53158862064753,0.202876470069213
882,7305,4-9,F<2,hliml,5,1.01421005514385,2.08688016245898,0.362098573484774,2.08688016245898,215,0.538847117794486,2.51633477367635,2.75888791984481,0.753362665336035,hliml,0.772093023255814,0.772093023255814,0.0558139534883721,0.172093023255814,166,2.10931098758309,1.25652245341267,1.11289384056822,0.325091985872277,7.61916263103098,2.08054579747665,3.47011158127501,3.07345546782447,0.897799686819113
826,5702,50+,F2-7,step2_weighted,104,3.79407276960491,4.22435469253428,0.167619076460305,4.22435469253428,379,0.949874686716792,1.66507774547141,3.0624168606974,0.822473320196175,step2_weighted,0.303430079155673,0.612137203166227,0.303430079155673,0.0844327176781003,115,7.80289398954869,3.69328358648548,3.25742937109512,0.505196636855669,18.270097445756,4.9068002137033,22.0337903326899,19.4335241541945,3.01395668991952
699,4420,50+,F2-7,step2_weighted,77,2.02211020131501,5.49993519415779,1.05545173811251,5.49993519415779,359,0.899749373433584,1.48806162526765,1.88847496118536,0.484527233163626,step2_weighted,0.144846796657382,0.763231197771588,0.144846796657382,0.0919220055710306,52,2.85133469002268,3.34416123277399,2.05927613436889,0.416103815918805,1.78925752167746,0.459070951012992,3.16846437597842,1.95108507571511,0.394242390147496
826,0106,50+,F2-7,step2_weighted,136,2.87453318626845,2.02025684179537,0.252606309636943,2.02025684179537,389,0.974937343358396,1.83313227517428,1.87545718474271,0.619928826735437,step2_weighted,0.282776349614396,0.624678663239075,0.282776349614396,0.0925449871465296,110,2.47451270083843,2.56524859995576,1.02276511406839,0.414447760936359,7.42442731315067,2.45413041196963,10.1551248012872,4.04885022681482,1.64068649564622
124,6203,50+,F2-7,step2_weighted,187,4.94036547612421,7.74911820984266,2.26314609637227,7.74911820984266,379,0.949874686716792,10,2.900283805714,0,step2_weighted,0.841688654353562,0.131926121372032,0.841688654353562,0.0263852242744063,319,10,1.68093617069866,0,1.075932396972,1.28152743226036,0,0.742743110306988,0,0.475414467805095
276,8418,50+,F2-7,step2_weighted,129,6.13516764130593,2.0648329427503,0.00767970366305936,2.0648329427503,364,0.912280701754386,2.43500658509756,2.21257690651161,1.41417833845365,step2_weighted,0.313186813186813,0.486263736263736,0.313186813186813,0.200549450549451,114,3.25198013475426,2.83320325066952,1.89795966881159,0.443905957115675,288.107068135255,184.144909816778,368.920908276409,247.139701228459,57.8024851728246
208,2208,50+,F2-7,step2_weighted,98,4.55745940200836,2.87872907414928,0.0124286231543004,2.87872907414928,394,0.987468671679198,2.81086567876591,1.23822836914611,0.950938149351801,step2_weighted,0.139593908629442,0.857868020304569,0.139593908629442,0.00253807106598985,55,3.0799135979024,1.8059255469021,0.337266535216928,0.159079692975971,99.6271552989904,76.5119464598757,145.30374961745,27.1362749541756,12.7994622574849
504,9606,50+,F2-7,step2_weighted,73,4.2310273636271,3.17551005485553,0.701290325528977,3.17551005485553,380,0.952380952380952,2.79871587246779,2.20986124448129,1.30818862236703,step2_weighted,0.463157894736842,0.481578947368421,0.463157894736842,0.0552631578947368,176,3.68140288220841,2.61249400712547,2.15211727622229,0.478917370796148,3.1511360759389,1.86540235155858,3.72526742780158,3.06879647113193,0.682908851530078
579,9703,50+,F2-7,step2_weighted,60,4.14475045465098,1.21386301513069,0.00973882130947737,1.21386301513069,363,0.909774436090226,1.44512260793112,2.69303417900361,0.399252481762994,step2_weighted,0.31404958677686,0.512396694214876,0.31404958677686,0.173553719008264,114,1.43413722142645,2.00139679269808,0.323001367738876,0.104383828045324,276.525679384103,40.9959757013367,205.507086442834,33.166371727608,10.7183225493359
682,9004,50+,F2-7,step2_weighted,72,4.62021754918853,3.28009566291955,0.325803856356852,3.28009566291955,396,0.992481203007519,2.92194885261679,1.86850599335238,0.90839650357655,step2_weighted,0.396464646464646,0.409090909090909,0.396464646464646,0.194444444444444,157,3.14486793450658,2.13076626640881,0.756041211157179,0.34549900045255,5.73506407887885,2.7881698937952,6.54002776466522,2.32054101388257,1.06045092380406
710,3507,50+,F2-7,step2_weighted,54,4.05029269774863,1.88819727737556,0.0885793567226326,1.88819727737556,381,0.954887218045113,2.19121631905444,1.66240316208881,0.581178424802619,step2_weighted,0.175853018372703,0.645669291338583,0.175853018372703,0.178477690288714,67,1.97016590185924,1.8294253109168,0.365328347788427,0.272269739281027,18.767388064177,6.56110459937585,20.6529532230095,4.12430572206993,3.07373805088223
404,8412,50+,F2-7,step2_weighted,60,3.09037502042355,1.11454096717172,0.00579128113818142,1.11454096717172,317,0.794486215538847,1.17381101705504,2.0930238705245,0.128904093436303,step2_weighted,0.26813880126183,0.675078864353312,0.26813880126183,0.0567823343848581,85,1.13078907196322,2.16542509678046,0.026037468472946,0.0261645736331445,361.409474101572,22.2583035360603,373.911237446926,4.49597728925353,4.51792496493457
643,2836,50+,F2-7,step2_weighted,70,2.59633593066679,2.78176327884743,0.0546441514588845,2.78176327884743,391,0.979949874686717,2.63593973150033,2.25296029348787,0.80506702292417,step2_weighted,0.61381074168798,0.158567774936061,0.61381074168798,0.227621483375959,240,2.73952158355691,2.44537471395825,0.788728254031686,0.239021018307348,41.2296692937587,14.7329037313338,44.7508955427408,14.433900664102,4.37413724847009
703,8467,50+,F2-7,step2_weighted,75,3.21365545557025,3.20137539626255,0.321191265350171,3.20137539626255,394,0.987468671679198,2.56549343745736,2.48244494709091,1.64436433862937,step2_weighted,0.319796954314721,0.654822335025381,0.319796954314721,0.0253807106598985,126,3.5234639077406,2.56374212689584,1.76098262517059,0.647468065380355,7.72886816951414,5.11957987660917,7.98197959742392,5.48266038072585,2.01583335298508
56,6204,50+,F2-7,step2_weighted,141,4.12891665633745,1.37957233218929,0.00403095847600934,1.37957233218929,372,0.932330827067669,1.41007458025989,2.17760394486913,0.444313562658744,step2_weighted,0.306451612903226,0.637096774193548,0.306451612903226,0.0564516129032258,114,1.916645082934,3.20069559400744,0.794292411684239,0.156115247815699,540.219890090499,110.225288923992,794.028421045939,197.048026272548,38.7290637561352
76,7309,50+,F2-7,step2_weighted,54,2.0242976234877,3.94141971742981,0.417004997357892,3.94141971742981,393,0.984962406015038,3.54644683753889,2.24943504498014,2.00004548503561,step2_weighted,0.33587786259542,0.330788804071247,0.33587786259542,0.333333333333333,132,4.11453542015231,2.52824077771238,1.5867736676015,0.759501561357953,5.39426399978986,4.79621466818799,6.0628548668028,3.80516703074343,1.82132484303567
372,9026,50+,F2-7,step2_weighted,96,4.59729984183959,5.06173311332406,1.18406516991529,5.06173311332406,385,0.964912280701754,3.86082459949619,2.6231635986723,1.91407424322851,step2_weighted,0.415584415584416,0.514285714285714,0.415584415584416,0.0701298701298701,160,4.75263984090138,2.4719684327848,1.72658532052177,0.901183988058974,2.21538785644709,1.61652778230563,2.08769626503045,1.45818436720446,0.761093232835692
246,6002,50+,F2-7,step2_weighted,65,4.2426613850776,4.36423971774247,0.515999026444151,4.36423971774247,398,0.997493734335839,2.89238338201771,1.5810835463183,1.64192076468087,step2_weighted,0.128140703517588,0.869346733668342,0.128140703517588,0.00251256281407035,51,4.27040624645129,2.03950812718925,1.01143152603768,0.42216013592991,3.06412118102985,3.18202298945341,3.95254258761668,1.96014231462345,0.818141341930617
842,2932,50+,F2-7,step2_weighted,65,4.506905394481,1.31763294941299,0.023497073329049,1.31763294941299,355,0.889724310776942,1.24376968821928,1.72452913421469,0.197161445459555,step2_weighted,0.698591549295775,0.267605633802817,0.698591549295775,0.0338028169014084,248,1.26097613502549,2.01637558438381,0.139154657812877,0.0920307079456701,73.3933588266368,8.39089373806429,85.8139035507458,5.92221234807328,3.91668811927714
842,9504,50+,F2-7,step2_weighted,145,4.73844318238864,4.29782462682815,0.296707078359349,4.29782462682815,398,0.997493734335839,4.50190415838627,1.95792202637655,1.20285320365318,step2_weighted,0.706030150753769,0.251256281407035,0.706030150753769,0.042713567839196,281,4.46729420687998,1.90183191153665,0.985373419776635,0.355585369878564,6.5988382791639,4.05400912679398,6.40979622748769,3.32103104929376,1.19843911997241
100,3307,50+,F2-7,step2_weighted,73,2.80414153063607,1.7668741659771,0.13054810586305,1.7668741659771,367,0.919799498746867,1.90728548701556,2.43192656292484,1.03611150040414,step2_weighted,0.258855585831063,0.564032697547684,0.258855585831063,0.177111716621253,95,1.80703784578877,2.97791604432648,0.384232918345615,0.152882828713847,18.6285855841986,7.93662607017112,22.8108713231767,2.94322859612143,1.17108423521845
414,8501,50+,F2-7,step2_weighted,80,2.79814291079122,2.48559847895547,0.329816733656631,2.48559847895547,388,0.972431077694235,2.47666151294421,2.15058748829297,1.55973829699942,step2_weighted,0.378865979381443,0.422680412371134,0.378865979381443,0.198453608247423,147,2.43747548220956,2.55845421424955,1.2254327617752,0.332781639638078,6.52055298847247,4.72910600898512,7.75719953892071,3.71549602165117,1.00898955595302
699,2851,50+,F2-7,step2_weighted,53,6.32305999523954,2.14595681559762,0.00292669352447616,2.14595681559762,394,0.987468671679198,2.16058495890894,1.46946310639835,0.315595742979751,step2_weighted,0.284263959390863,0.482233502538071,0.284263959390863,0.233502538071066,112,2.16058495890894,1.4661301050887,0.204440494560522,0.131366650407877,502.089847846766,107.833546744953,500.95101958143,69.8537420644735,44.8856873154799
96,4009,50+,F2-7,step2_weighted,51,2.06784415958471,1.90522779905732,0.347607545587019,1.90522779905732,383,0.959899749373434,2.87869264245623,2.85978202098465,2.19732273639606,step2_weighted,0.297650130548303,0.496083550913838,0.297650130548303,0.206266318537859,114,5.64329556011217,3.13724151518773,4.51378173005488,1.38536856316291,8.22704241403973,6.32127456463972,9.02523997253783,12.9852812096822,3.98543869588155
76,8441,50+,F2-7,step2_weighted,65,5.14970573532779,2.77618101490221,0.148320832108541,2.77618101490221,399,1,2.95980963603105,0.974874898876019,1.07498631138491,step2_weighted,0.31328320802005,0.493734335839599,0.31328320802005,0.192982456140351,125,3.0124045808426,0.942572888061315,0.839015297878815,0.225740087597029,6.57274426671643,7.2477095503229,6.35495954723032,5.65675964698491,1.52197155576793
818,6302,50+,F2-7,step2_weighted,70,2.8491032579403,2.72127436553734,0.186097240540357,2.72127436553734,329,0.824561403508772,4.30989304975874,3.39850010729358,3.95431603673425,step2_weighted,0.373860182370821,0.291793313069909,0.373860182370821,0.334346504559271,123,2.66614999122458,3.37939730685945,1.3500889813334,0.595665635601837,18.2619586267136,21.2486548712511,18.1593090636215,7.25475013715003,3.2008300277438
458,1806,50+,F2-7,step2_weighted,84,2.95476032345781,1.7886162410209,0.125926422042462,1.7886162410209,397,0.994987468671679,2.003566114326,1.9479537718536,0.865958081534915,step2_weighted,0.221662468513854,0.496221662468514,0.221662468513854,0.282115869017632,88,1.92475892943168,1.47090616102089,0.165116004164546,0.0562643487060303,15.4689837149249,6.87669884913364,11.6806793773979,1.31121016135017,0.446803361784219
258,7616,50+,F2-7,step2_weighted,52,2.74745979857699,3.57186868661691,2.75727216940475,3.57186868661691,386,0.967418546365915,2.16103162992933,2.77083164478364,0.996917508516783,step2_weighted,0.484455958549223,0.417098445595855,0.484455958549223,0.0984455958549223,187,2.6245284087626,3.4566039316266,1.55866393945947,0.261753592032534,1.00491771379313,0.361559340996068,1.25363174879208,0.565292014605857,0.0949320835777493
268,6109,50+,F2-7,step2_weighted,71,2.00836486456004,1.22296060618835,0.956392577864282,1.22296060618835,352,0.882205513784461,1.91617170357707,2.74479784914624,0.843657967201676,step2_weighted,0.514204545454545,0.400568181818182,0.514204545454545,0.0852272727272727,181,1.39674181088631,2.38985540677604,0.0867133557024409,0.0445675062695404,2.86994892335493,0.882125171951508,2.49882261959081,0.0906671148536935,0.0465995944563518
702,3701,20-49,F<2,step2_weighted,46,1.74421561819889,9.25218768050145,2.55973579588081,9.25218768050145,367,0.919799498746867,4.29288642637099,3.38569384884932,4.11885026308525,step2_weighted,0.359673024523161,0.354223433242507,0.359673024523161,0.286103542234332,132,10,2.47880233470167,0,0.731242518814682,1.3226731658391,1.60909194992445,0.968382103610313,0,0.285671091521014
757,0812,20-49,F<2,step2_weighted,27,1.20040407570097,1.15157489221774,0.0873510580797445,1.15157489221774,372,0.932330827067669,1.35208538003126,3.1266246184407,0.313679084222426,step2_weighted,0.298387096774194,0.524193548387097,0.298387096774194,0.17741935483871,111,1.20628991687418,3.59657447053008,0.102451539834218,0.128721539044744,35.7937807185614,3.59101642404906,41.1737939939628,1.1728711945388,1.47361167539873
586,9010,20-49,F<2,step2_weighted,40,0.882767845445321,1.29431995793286,1.0179229980869,1.29431995793286,342,0.857142857142857,1.40135037052498,1.84653506134072,0.422281537781042,step2_weighted,0.447368421052632,0.444444444444444,0.447368421052632,0.108187134502924,153,1.73140478002553,1.94040231200648,0.685994498590696,0.711041210333542,1.81402234236884,0.414846249249387,1.90623683289729,0.67391590511263,0.698521608874034
688,9006,20-49,F<2,step2_weighted,48,1.57834878360998,4.65455414607973,2.28299370406225,4.65455414607973,361,0.904761904761905,3.23446543209836,2.92952574366788,1.89674783497208,step2_weighted,0.349030470914127,0.313019390581717,0.349030470914127,0.337950138504155,126,5.13015013301617,2.60466831405414,3.040182190752,1.25602564053862,1.28319484125393,0.830816060332138,1.14090034914223,1.33166472835314,0.550166055343781
804,3501,20-49,F<2,step2_weighted,30,1.04396113059494,1.53954117144499,0.488997797086553,1.53954117144499,351,0.879699248120301,1.62537546880527,1.76651730554709,0.321750408980716,step2_weighted,0.173789173789174,0.492877492877493,0.173789173789174,0.333333333333333,61,1.64365256462139,2.15171547972738,0.224385380753024,0.15516785720091,3.61252610149165,0.657979260638196,4.40025597773097,0.458867876481063,0.317318110890069
36,2707,20-49,F<2,step2_weighted,31,1.07812492460082,1.46699156812748,3.10647479287106,1.46699156812748,391,0.979949874686717,1.8690581837371,1.85033401833395,0.758169783917363,step2_weighted,0.232736572890026,0.283887468030691,0.232736572890026,0.483375959079284,91,1.85222110952072,2.04469160224353,0.646958585029678,0.687420516406605,0.595637866619813,0.244061141476911,0.658203184824104,0.208261334202473,0.221286365491888
764,8711,20-49,F<2,step2_weighted,38,1.32262812478941,3.65771540215536,1.96310235034132,3.65771540215536,399,1,2.82752895475868,1.53164333439515,1.29695010314023,step2_weighted,0.162907268170426,0.536340852130326,0.162907268170426,0.300751879699248,65,3.17934175471585,2.08569906060797,1.52334728733736,1.4394390295602,0.780215730539389,0.660663517067629,1.06245049334556,0.775989742497377,0.733247061371981
214,8445,20-49,F<2,step2_weighted,26,0.844186959811369,1.55362768804291,1.84897601394201,1.55362768804291,310,0.776942355889724,2.32810955614144,3.0054814724706,1.34455480674969,step2_weighted,0.332258064516129,0.338709677419355,0.332258064516129,0.329032258064516,103,2.70135776087624,1.96827595260989,0.854115540045877,0.587506145697402,1.6254842949871,0.727188885421556,1.06452216673894,0.461939762119955,0.317746764299467
372,0202,20-49,F<2,step2_weighted,49,1.21439304803555,8.58864357547166,3.43670916763376,8.58864357547166,389,0.974937343358396,5.84003968122688,2.68098813697123,3.42143511395717,step2_weighted,0.452442159383033,0.478149100257069,0.452442159383033,0.0694087403598972,176,5.61081370630998,2.53624608621902,3.12073699036851,0.618271478229855,0.780103292481145,0.995555616454126,0.737986824752261,0.908059669336873,0.179902182021281
258,1212,20-49,F<2,step2_weighted,26,0.46908302364731,7.22359699052027,4.63842631537685,7.22359699052027,346,0.867167919799499,1.80965893450605,2.67168336520554,1.09424740481759,step2_weighted,0.280346820809249,0.286127167630058,0.280346820809249,0.433526011560694,97,4.94970535118204,2.99708789912,3.51286927392252,1.89054607597749,0.575989178991298,0.23590919213054,0.646143259662087,0.757340752029845,0.407583509456674
705,7225,20-49,F<2,step2_weighted,37,1.40066306758881,1.29175519507558,0.199218658097017,1.29175519507558,396,0.992481203007519,1.6300360951072,1.97614881186604,0.471281863465779,step2_weighted,0.131313131313131,0.737373737373737,0.131313131313131,0.131313131313131,52,1.35726119903186,3.53112195974706,0.160314390383478,0.196312695617573,9.91949665128093,2.36565122949614,17.7248556609966,0.804715742565671,0.985413201217183
300,9604,20-49,F<2,step2_weighted,28,1.91197483637283,3.44676614695004,1.32247397924898,3.44676614695004,363,0.909774436090226,4.41342346536214,3.26917598525621,4.00316823315263,step2_weighted,0.352617079889807,0.278236914600551,0.352617079889807,0.369146005509642,128,6.15982139302701,2.27554332915693,2.00253800272069,1.27640249474482,2.47201535648569,3.02702986672449,1.72067153294705,1.5142362225213,0.965162653309575
398,2847,20-49,F<2,step2_weighted,25,1.45213015128374,2.08887888769148,2.05736440337518,2.08887888769148,321,0.804511278195489,1.87813378183813,2.54925837229267,0.685222272453788,step2_weighted,0.473520249221184,0.202492211838006,0.473520249221184,0.32398753894081,152,2.40226667211336,2.3837304860262,1.06883194580937,0.89471312270121,1.23908937478967,0.333058291146505,1.15863309490317,0.519515135022221,0.434883154988684
490,4005,20-49,F<2,step2_weighted,43,1.43388246870093,1.27064743460259,0.640417743923616,1.27064743460259,378,0.947368421052632,2.08066696942763,3.42587826432657,1.4002519434142,step2_weighted,0.576719576719577,0.201058201058201,0.576719576719577,0.222222222222222,218,4.40269314578407,3.7085481798234,4.56763024703591,0.638159648399164,5.34944307341862,2.1864665004991,5.79082671429811,7.13226685296324,0.996474027233197
268,2932,20-49,F<2,step2_weighted,24,1.9735468943033,1.55297246017359,0.130041060157012,1.55297246017359,372,0.932330827067669,1.95112768963126,2.46608865013075,0.796172522111288,step2_weighted,0.395161290322581,0.349462365591398,0.395161290322581,0.255376344086022,147,2.01504572850154,1.99173795861684,0.664948218548423,0.316236716872996,18.9639229882715,6.12247025016552,15.3162236313055,5.11337125170746,2.43182204521535
854,3307,20-49,F<2,step2_weighted,37,1.54529724861545,3.07651360916366,3.82116072636579,3.07651360916366,390,0.977443609022556,2.59390241533916,2.56857150580176,1.74653906202889,step2_weighted,0.171794871794872,0.48974358974359,0.171794871794872,0.338461538461539,67,6.46156497141229,3.25851286320522,5.1839614820548,2.54545199829064,0.672196667384015,0.457070295415179,0.852754724689195,1.35664575590495,0.666146278728127
360,9105,20-49,F<2,step2_weighted,40,1.55764025710359,2.52730313212715,0.104412661614096,2.52730313212715,383,0.959899749373434,2.47107953551794,2.13810742587644,1.03280606205633,step2_weighted,0.268929503916449,0.608355091383812,0.268929503916449,0.122715404699739,103,2.75507370818782,1.99143716610884,0.561866984276469,0.315517925792595,20.4774726821808,9.89157872321586,19.072755500373,5.3812150326471,3.02183586659953
364,7604,20-49,F<2,step2_weighted,45,1.37421266737154,3.28574851944425,2.64018740809406,3.28574851944425,392,0.982456140350877,1.28985188631804,1.44764557585859,0.29301978304516,step2_weighted,0.0663265306122449,0.678571428571429,0.0663265306122449,0.255102040816327,26,2.73943042303787,,,0.997440166998292,0.548311673413987,0.110984463506963,,,0.377791426449662
268,9502,20-49,F<2,step2_weighted,23,0.814169207429689,5.38646401249703,49.3412749272435,5.38646401249703,293,0.734335839598998,2.58823492035512,3.60871856547843,1.90157242673701,step2_weighted,0.133105802047782,0.566552901023891,0.133105802047782,0.300341296928328,39,5.6509591562249,,,2.54066577640052,0.0731379270357259,0.0385391830580175,,,0.0514916929111961
446,5807,20-49,F<2,step2_weighted,23,1.39126776095778,1.76435955418365,0.391926923950273,1.76435955418365,384,0.962406015037594,1.98403695576759,1.31041455729336,0.490180327798619,step2_weighted,0.356770833333333,0.403645833333333,0.356770833333333,0.239583333333333,137,1.96454399929202,1.12644573542637,0.447281022707643,0.448876196295862,3.34351757232075,1.25069317223231,2.87412184922844,1.14123576456409,1.14530584368022
32,9106,20-49,F<2,step2_weighted,37,1.85962234493048,6.3267229391526,3.60492805943251,6.3267229391526,375,0.93984962406015,1.89856411131185,2.53986632634071,0.951971604029719,step2_weighted,0.162666666666667,0.664,0.162666666666667,0.173333333333333,61,2.78477594657843,2.89527962960788,1.60628542260519,1.39372583095011,0.704553956269667,0.264075062895868,0.803144912152186,0.445580437701732,0.386616822297838
414,0705,20-49,F<2,step2_weighted,47,1.70267016564459,1.50802391881421,0.181101546086436,1.50802391881421,359,0.899749373433584,2.05613001445125,3.56682359775573,1.15168698817573,step2_weighted,0.384401114206128,0.356545961002786,0.384401114206128,0.259052924791086,138,3.20852966195498,3.52682626964305,2.46067162579993,0.861866925535756,19.695158185195,6.35934376632022,19.4743023781795,13.5872480327998,4.75902577399536
804,4809,20-49,F<2,step2_weighted,32,0.99936938040949,1.55801947697434,0.303085793935712,1.55801947697434,381,0.954887218045113,1.8232590863033,1.15817315450549,0.540736965396982,step2_weighted,0.183727034120735,0.501312335958005,0.183727034120735,0.31496062992126,70,2.06344757890597,1.62960181270062,0.777845463338251,0.687895865307682,3.82127165864842,1.78410528047276,5.37670140041693,2.56642006620489,2.26964073893081
68,8437,20-49,F<2,step2_weighted,32,1.05185212794667,1.39201941930165,1.33253905404587,1.39201941930165,339,0.849624060150376,1.87490019652415,2.50778805191783,0.771838422345461,step2_weighted,0.427728613569322,0.221238938053097,0.427728613569322,0.351032448377581,145,3.06857014991155,2.92580172777458,2.11934477960694,1.33628779421041,1.88196214160001,0.57922386589871,2.1956592708418,1.59045603441952,1.00281323099173
258,0710,20-49,F<2,step2_weighted,32,1.97994264886577,2.87053783720784,0.0591125662614181,2.87053783720784,399,1,2.64586500218478,0.946166415855952,0.848860243603597,step2_weighted,0.290726817042607,0.604010025062657,0.290726817042607,0.105263157894737,116,2.75468745011917,1.14447978054709,0.207827750758107,0.0747434792208589,16.006180676908,14.3600641503131,19.3610234325772,3.51579645246689,1.26442622860112
504,6704,20-49,F<2,step2_weighted,36,0.88229165064467,1.28203573645533,0.959237329089002,1.28203573645533,307,0.769423558897243,1.40037476117609,2.48453586415611,0.396348873340764,step2_weighted,0.247557003257329,0.50814332247557,0.247557003257329,0.244299674267101,76,1.32843926780739,1.52515307535413,0.178435472726322,0.376907057180493,2.59011590647301,0.413191669382988,1.58996426546763,0.186018065931383,0.392923675664755
807,0303,20-49,F<2,step2_weighted,48,1.77072784499715,5.09844985780483,0.496573260756644,5.09844985780483,398,0.997493734335839,3.07198688673916,1.5921817334418,1.41306601620742,step2_weighted,0.206030150753769,0.527638190954774,0.206030150753769,0.266331658291457,82,4.90822006107371,1.8136409742922,1.46629633317763,0.683757156879584,3.20633803563194,2.84563452742963,3.65231299713702,2.95282982201537,1.37695121931802
196,8437,20-49,F<2,step2_weighted,24,1.03048443725801,7.47259431468941,1.50922179841273,7.47259431468941,366,0.917293233082707,3.08844230857634,3.399735560545,2.61721910561356,step2_weighted,0.308743169398907,0.33879781420765,0.308743169398907,0.352459016393443,113,9.03717145428298,3.08188833387493,1.42748960188006,1.38651218814513,2.25264143687863,1.73415140727898,2.04203804710228,0.945844807821729,0.918693454867499
180,8609,20-49,F<2,step2_weighted,49,1.22050866447077,2.50388315080376,3.45963968031642,2.50388315080376,251,0.629072681704261,1.8290827366515,2.70518565828555,0.794868299192461,step2_weighted,0.262948207171315,0.430278884462151,0.262948207171315,0.306772908366534,66,3.64844683693852,3.32333950476091,2.36351668737425,1.64283168359346,0.781926994789853,0.229754648645885,0.960602782905114,0.683168452721089,0.474856295856569
112,3802,20-49,F<2,step2_weighted,42,1.11137632694956,1.27682857648646,0.6511952335447,1.27682857648646,290,0.726817042606516,1.6233965154239,3.07088864237716,0.666065730098492,step2_weighted,0.393103448275862,0.479310344827586,0.393103448275862,0.127586206896552,114,1.79414462661353,3.52219028348518,0.697943060341675,0.845189810771253,4.71577260426364,1.02283569625172,5.4088084525935,1.07178772876225,1.29790540107391
226,4420,4-9,F<2,step2_weighted,6,0.741430778128294,2.83693406543499,0.929904148423054,2.83693406543499,213,0.533834586466166,2.69038114563372,2.48022021003585,0.53431363749626,step2_weighted,0.544600938967136,0.07981220657277,0.544600938967136,0.375586854460094,116,2.69909427876726,0.385188241966634,0.351063086663291,0.635803121381696,2.66717834761985,0.574590013822777,0.414223597797517,0.377526100145515,0.683729739737048
608,5306,4-9,F<2,step2_weighted,7,0.267252654574085,2.16454178037816,0.495293919315124,2.16454178037816,250,0.6265664160401,2.46390694910353,1.99167328506778,0.948964623134136,step2_weighted,0.688,0.184,0.688,0.128,172,2.33610929690877,1.70950938190689,0.775445081110309,0.384428625830677,4.0211947035849,1.91596259539453,3.45150488475761,1.56562608760182,0.776162619485117
184,8450,4-9,F<2,step2_weighted,5,0.552455790880018,5.68366107065091,2.64767968493119,5.68366107065091,311,0.779448621553885,4.45988885233259,2.53442077937979,2.14494404422905,step2_weighted,0.315112540192926,0.482315112540193,0.315112540192926,0.202572347266881,98,6.12477733236511,2.46957643293052,3.21267484008441,2.43709504279933,0.957223335512981,0.810122182240029,0.932732326718252,1.2133925634467,0.920464456735321
580,3917,4-9,F<2,step2_weighted,4,0.94041046669469,7.72717374450908,5.57996816952839,7.72717374450908,185,0.463659147869674,7.63091043823992,2.69344944207021,3.51241218426549,step2_weighted,0.324324324324324,0.362162162162162,0.324324324324324,0.313513513513514,60,8.81997102970812,1.44734163378516,1.74951095135475,5.55053964289399,0.482699786134775,0.62946813988051,0.259381700721689,0.313534217078269,0.994726040410928
670,2715,4-9,F<2,step2_weighted,8,0.961880080500885,4.54639264574103,0.870174849890015,4.54639264574103,352,0.882205513784461,4.11704554162144,2.03387196870731,1.57814107193028,step2_weighted,0.457386363636364,0.261363636363636,0.457386363636364,0.28125,161,4.70371328646158,2.09924564616531,1.10499832627291,1.01544123781861,2.33731412596489,1.81359076526948,2.41244118516025,1.26985780663803,1.16693930874577
384,7201,4-9,F<2,step2_weighted,4,0.569873315346407,3.63637032204968,1.14916076005223,3.63637032204968,196,0.491228070175439,4.31335404520932,3.43157471852124,3.08680711057259,step2_weighted,0.173469387755102,0.11734693877551,0.173469387755102,0.709183673469388,34,3.44415001694792,,,0.942329113254879,2.9861572356206,2.68614037119775,,,0.820015045773098
410,8606,4-9,F<2,step2_weighted,8,0.750293366005248,1.9615444770531,0.855483547334981,1.9615444770531,282,0.706766917293233,1.7037724181806,1.67518271356647,0.443147251155829,step2_weighted,0.127659574468085,0.563829787234043,0.127659574468085,0.308510638297872,36,1.66808392121216,,,0.183243256787961,1.95817057941679,0.518007917903659,,,0.214198458122081
558,9111,4-9,F<2,step2_weighted,4,0.301270151264375,7.06202824468056,13.6382789135734,7.06202824468056,184,0.461152882205514,2.56593617826696,3.10083957760951,1.87532174056536,step2_weighted,0.293478260869565,0.331521739130435,0.293478260869565,0.375,54,4.35981033282689,3.00108436644687,4.00630827611425,2.29945531658922,0.227362968396505,0.137504281328266,0.220048613572499,0.293754681327641,0.168603042301819
795,5309,4-9,F<2,step2_weighted,4,0.537510647396556,3.46159935274371,0.825779976507941,3.46159935274371,164,0.411027568922306,3.46068780180982,1.6390093519534,0.393562431187642,step2_weighted,0.201219512195122,0.481707317073171,0.201219512195122,0.317073170731707,33,3.44940469376495,,,0.660038943048822,1.98480151926721,0.476594786000915,,,0.799291532642866
8,2935,4-9,F<2,step2_weighted,8,0.821675055446599,8.54343467269127,9.46709923004064,8.54343467269127,197,0.493734335839599,5.76180756047542,2.99096915443567,4.13683706276904,step2_weighted,0.639593908629442,0.106598984771574,0.639593908629442,0.253807106598985,126,6.38080254306159,2.52266829748333,3.03152750516126,2.05499104790638,0.315933009864821,0.436969863972925,0.266466869754411,0.320217146931526,0.217066600652665
862,1214,4-9,F<2,step2_weighted,7,0.287538151966575,1.62288216196443,0.485975507291246,1.62288216196443,320,0.802005012531328,2.04065467227034,2.10427301071522,0.837331997357616,step2_weighted,0.278125,0.609375,0.278125,0.1125,89,1.703422944555,2.90572226872694,0.327987125204861,0.396313156355229,4.32999807427358,1.72299217716707,5.97915373332906,0.674904640838818,0.815500267830818
504,8106,4-9,F<2,step2_weighted,4,0.600097940478747,4.7149854114327,0.897959965425815,4.7149854114327,255,0.639097744360902,4.74817610392508,1.74642537005268,0.432125288904874,step2_weighted,0.674509803921569,0.231372549019608,0.674509803921569,0.0941176470588235,172,4.72146390674346,1.37345011999947,0.363567494294418,0.813414169240494,1.94488110527792,0.481230016418337,1.5295226656883,0.404881629797396,0.905846808944061
533,6904,4-9,F<2,step2_weighted,4,0.122752836983334,1.92189178140468,0.147924565712387,1.92189178140468,234,0.586466165413534,1.94082120737603,1.87250424367242,0.332559754312831,step2_weighted,0.782051282051282,0.0897435897435897,0.782051282051282,0.128205128205128,183,1.94202792544864,1.81218491391217,0.139344205007353,0.137141985634963,12.6585076295791,2.24817123992397,12.2507367534588,0.941995025209558,0.927107576584752
558,2803,4-9,F<2,step2_weighted,6,0.531717061808535,7.94358694042867,7.8250234526595,7.94358694042867,337,0.844611528822055,3.87279500823349,3.2568111425559,3.37235664672825,step2_weighted,0.448071216617211,0.427299703264095,0.448071216617211,0.124629080118694,151,7.70627036604298,2.79236582516334,3.40068355530467,4.20552882726797,0.416204649386578,0.430970803746547,0.356850793107117,0.434590845110998,0.537446162648705
72,8458,4-9,F<2,step2_weighted,7,0.140747726061464,4.75912877739153,8.27451467706801,4.75912877739153,177,0.443609022556391,2.00303544391384,2.85378079561948,1.3200100473286,step2_weighted,0.531073446327684,0.31638418079096,0.531073446327684,0.152542372881356,94,3.0145862082158,2.49833950163975,1.67735531135735,0.81801831816908,0.344887997301938,0.159527186650218,0.301931847261526,0.202713437200852,0.098859975490301
891,9204,4-9,F<2,step2_weighted,4,0.00627438280390772,3.11307221232887,1.45741648267341,3.11307221232887,141,0.353383458646617,3.11307221232885,3.4883933154357,1.03852618504586,step2_weighted,0.581560283687943,0.0212765957446809,0.581560283687943,0.397163120567376,82,2.58518246106943,0.962265443100729,0.175130561915396,0.455953977959948,2.39354594716589,0.712580238656857,0.660254261249741,0.120165075664675,0.312850844889286
32,1603,4-9,F<2,step2_weighted,9,1.04439094718221,7.89181532975121,8.03319946177799,7.89181532975121,359,0.899749373433584,3.31932538447636,2.81750370456769,1.81943887975329,step2_weighted,0.384401114206128,0.501392757660167,0.384401114206128,0.114206128133705,138,5.3018193810487,2.93427620077236,3.87069380527707,1.40936628211642,0.35073244701235,0.226489941947812,0.365268684629787,0.481837133970575,0.175442709822182
140,0206,4-9,F<2,step2_weighted,6,0.80508761705274,7.84843794190282,11.7943732363113,7.84843794190282,233,0.583959899749373,5.55571208474863,3.05442071004007,4.51405325629926,step2_weighted,0.261802575107296,0.266094420600858,0.261802575107296,0.472103004291846,61,9.70613830165316,2.01209877403172,0.435679353969022,5.21704959464106,0.258972702393073,0.382729388485169,0.170598194047063,0.0369395935875336,0.442333771376621
308,0907,4-9,F<2,step2_weighted,4,0.235414154152579,1.95570986814389,0.211733122487501,1.95570986814389,103,0.258145363408521,1.9236501964794,0.416021919657008,0.437776615075482,step2_weighted,0.553398058252427,0.0485436893203884,0.553398058252427,0.398058252427184,57,2.06831710893184,0.246107336240884,0.201194624764447,0.259453497780154,1.96484099780641,2.06758682785366,1.16234688909107,0.950227448595458,1.22537983066618
222,2504,4-9,F<2,step2_weighted,7,0.188267309581441,2.321602077098,1.50767944666155,2.321602077098,289,0.724310776942356,1.5641223144808,2.6477780599545,0.722196842124731,step2_weighted,0.346020761245675,0.401384083044983,0.346020761245675,0.252595155709343,100,2.11028347201918,1.85184354654213,0.532160684380106,0.480166950596872,1.75619430630129,0.479012195678524,1.22827405430423,0.352966730135154,0.318480796206451
604,0409,10-19,F<2,hliml_boundary,11,1.07544873516353,2.06224437102848,1.25610588783453,2.06224437102848,278,0.696741854636592,1.81969346549527,3.34279428776552,0.82136227782244,hliml_boundary,0.737410071942446,0.158273381294964,0.10431654676259,0.737410071942446,205,1.74239181659336,3.34329054347238,0.712332942621882,0.356561795020236,2.66123606309047,0.653895731066456,2.66163113783032,0.567096253206735,0.283862848246761
462,3407,10-19,F<2,hliml_boundary,18,1.36557610545725,2.13778677403787,0.417332687664859,2.13778677403787,361,0.904761904761905,2.06266943709269,2.3677098897644,0.752543168366687,hliml_boundary,0.409972299168975,0.282548476454294,0.307479224376731,0.409972299168975,148,2.19915050619849,2.79308835636291,0.327986260630089,0.411826536493865,5.67343503096455,1.80322124436852,6.69271408379569,0.78591078610521,0.986806326622046
324,0808,10-19,F<2,hliml_boundary,17,1.22244543371501,1.28989455086109,0.795642876685723,1.28989455086109,374,0.93734335839599,3.81745808821641,2.35709841262399,2.3260260906431,hliml_boundary,0.489304812834225,0.334224598930481,0.176470588235294,0.489304812834225,183,2.56775206906684,2.27059447323871,1.72064851362696,0.554673004267369,2.96250803179758,2.92345493034795,2.85378596324138,2.16258897558962,0.697138151450407
694,0303,10-19,F<2,hliml_boundary,13,1.5719858742371,3.56693884629615,4.96510239495678,3.56693884629615,316,0.791979949874687,3.6676326104855,3.23825032866131,2.78989800702064,hliml_boundary,0.439873417721519,0.319620253164557,0.240506329113924,0.439873417721519,139,3.75963873346909,3.54148386890338,3.40992217845845,1.88142031353552,0.652202124159718,0.561901404058541,0.713275092272131,0.686777815885936,0.378928804257197
516,9610,10-19,F<2,hliml_boundary,10,0.953077527226196,4.21727020815123,4.2393868954051,4.21727020815123,309,0.774436090225564,3.30291243914874,3.188925620229,2.39636775679674,hliml_boundary,0.540453074433657,0.216828478964401,0.242718446601942,0.540453074433657,167,4.80921953123682,3.37823304408495,3.98173042534649,2.27910762446421,0.752213869341661,0.565262811798108,0.796868303703651,0.939223176271579,0.537603120615022
740,7117,10-19,F<2,hliml_boundary,18,0.845135685484756,2.27227098291293,0.531646260678446,2.27227098291293,348,0.87218045112782,2.36207237304383,3.07467880196688,1.43898605730781,hliml_boundary,0.413793103448276,0.14367816091954,0.442528735632184,0.413793103448276,144,2.49401840468771,3.58034498797107,1.76690634390806,0.771434602166454,5.7833168957931,2.70666073240408,6.73444967599718,3.32346237449929,1.45102986557642
876,3917,10-19,F<2,hliml_boundary,10,1.3232702361783,2.01016501292315,1.29774189816962,2.01016501292315,365,0.914786967418546,2.57945772519921,2.21272978679911,1.35686864892745,hliml_boundary,0.517808219178082,0.317808219178082,0.164383561643836,0.517808219178082,189,2.64514452507022,2.32589908410283,1.46767552137594,0.886864770059244,1.7050615302781,1.04556125593326,1.79226631072277,1.13094562443117,0.683390719919042
144,9109,10-19,F<2,hliml_boundary,17,1.75354325829822,1.60647332867533,0.735541331497136,1.60647332867533,258,0.646616541353383,2.32701271984508,3.94409664583334,1.78448503860997,hliml_boundary,0.577519379844961,0.348837209302326,0.0736434108527132,0.577519379844961,149,10,4.05355775761603,2.63362665009481e-15,2.76972642651914,5.36216861913857,2.42608397678727,5.51098569724877,3.58052843167124e-15,3.76556191734539
414,2812,10-19,F<2,hliml_boundary,18,0.814524430127177,1.60213567315196,1.3152592292297,1.60213567315196,341,0.854636591478697,3.01364041997504,2.55891588011437,1.39515278223107,hliml_boundary,0.454545454545455,0.266862170087977,0.278592375366569,0.454545454545455,155,2.64860922708481,2.73055336608257,1.75369927516216,0.722658046751751,1.94556010195271,1.06074357907997,2.07605717975593,1.33334876972446,0.549441532658916
96,1903,10-19,F<2,hliml_boundary,11,0.364609664290433,7.83964621243225,5.50532746544566,7.83964621243225,309,0.774436090225564,3.14896477979046,3.4567497756679,2.6014700698471,hliml_boundary,0.611650485436893,0.110032362459547,0.27831715210356,0.611650485436893,189,2.76888099260058,3.53746049233818,2.35247468665439,0.772171597480443,0.627891764361754,0.472536844751797,0.642552239542725,0.427308766175993,0.140258976841432
768,8907,10-19,F<2,hliml_boundary,11,1.54386246536644,3.45578330638823,6.08658431284914,3.45578330638823,241,0.604010025062657,2.49596800678125,2.78471328688413,1.10996224886719,hliml_boundary,0.431535269709544,0.365145228215768,0.203319502074689,0.431535269709544,104,2.65442230762001,3.10403182298349,1.52643125128873,0.982137967839419,0.457516587917041,0.182362092072559,0.509979269724514,0.250786183650877,0.1613611045798
558,8459,10-19,F<2,hliml_boundary,19,0.949811749824908,2.08998355559758,0.779838974020006,2.08998355559758,322,0.807017543859649,2.44424975684016,3.20228031575049,1.31049087026014,hliml_boundary,0.72360248447205,0.139751552795031,0.136645962732919,0.72360248447205,233,2.68395774872666,3.33978569040909,1.49247643525236,1.1204957831763,4.10633531079243,1.68046342119152,4.28266065389471,1.91382642439472,1.43682967959429
170,5307,10-19,F<2,hliml_boundary,10,0.814705288161123,1.40971847326209,0.250962521045804,1.40971847326209,375,0.93984962406015,1.54309449670961,2.14391475946475,0.457340743871801,hliml_boundary,0.426666666666667,0.472,0.101333333333333,0.426666666666667,160,1.46562828314197,1.99377936855183,0.187586637063047,0.233291297561183,8.54276865936271,1.82234678694644,7.94453036351165,0.747468730714615,0.929586205099539
762,1005,10-19,F<2,hliml_boundary,10,0.330289601356415,3.97062183794245,1.07933541316623,3.97062183794245,333,0.834586466165414,5.09121076050236,2.51484545440746,2.1048753438878,hliml_boundary,0.678678678678679,0.159159159159159,0.162162162162162,0.678678678678679,226,4.67948524385073,2.44762082851406,1.85391865406817,0.930581993946721,2.32999438703689,1.95015869785384,2.26771103649232,1.71764831529959,0.862180544245146
736,2505,10-19,F<2,hliml_boundary,13,0.57111080642078,2.5437177625985,1.06178275658758,2.5437177625985,383,0.959899749373434,2.43097157967499,2.181032724313,0.710249104134903,hliml_boundary,0.383812010443864,0.412532637075718,0.203655352480418,0.383812010443864,147,2.47681066856169,2.4093276917538,0.640271304721441,0.906463318880854,2.05412332304447,0.668921302148044,2.26913431849,0.603015353893279,0.853718251927635
688,0508,10-19,F<2,hliml_boundary,17,1.3274464018479,1.14318584317656,0.229945082355279,1.14318584317656,372,0.932330827067669,2.11173919749331,2.30552102415816,1.19649552942608,hliml_boundary,0.486559139784946,0.209677419354839,0.303763440860215,0.486559139784946,181,1.58551240733839,2.46312630129187,0.623817390322181,0.24913832898344,10.0263984797726,5.20339690316763,10.7118024706708,2.71289728805048,1.08346882843316
516,2905,10-19,F<2,hliml_boundary,19,1.06841096167291,2.02483890145899,0.44594955797152,2.02483890145899,388,0.972431077694235,2.21009980960932,2.21438432112459,0.657411925784852,hliml_boundary,0.569587628865979,0.280927835051546,0.149484536082474,0.569587628865979,221,2.10835664472962,2.41226585562224,0.622278948822566,0.398586768818885,4.96554886430903,1.47418449919584,5.40927962031145,1.3954020980604,0.893793393656285
516,5404,10-19,F<2,hliml_boundary,15,0.834871550421907,5.99823244225292,5.44501917683861,5.99823244225292,303,0.759398496240602,7.51715414185377,3.26131713974232,3.6810672692876,hliml_boundary,0.528052805280528,0.191419141914191,0.280528052805281,0.528052805280528,160,8.67641700630545,3.53379982657209,1.96234414645155,4.68536984714257,0.598954206371747,0.676043031206519,0.648996764162696,0.360392513363173,0.860487299488797
340,2513,10-19,F<2,hliml_boundary,14,0.955071203133677,1.42889862870114,0.201973704652137,1.42889862870114,348,0.87218045112782,1.53207791226505,1.39402596079482,0.272522831164094,hliml_boundary,0.327586206896552,0.261494252873563,0.410919540229885,0.327586206896552,114,1.4000196515779,1.64267463461505,0.21092459786007,0.201842891798583,6.90201708779754,1.34929857148219,8.13311137429628,1.04431712149534,0.999352327305284
862,7206,10-19,F<2,hliml_boundary,17,1.77437779413045,2.0270783243836,0.409973634598137,2.0270783243836,332,0.832080200501253,2.0133099622648,2.44418315089883,0.717269722118476,hliml_boundary,0.262048192771084,0.578313253012048,0.159638554216867,0.262048192771084,87,2.25126569144792,3.02515672698683,0.589826274405671,0.472049043118266,5.9618056982973,1.7495508529995,7.37890554828516,1.43869318568212,1.15141317216893
480,2842,10-19,F<2,hliml_boundary,15,0.903924940022259,3.04375397253151,0.667139185885007,3.04375397253151,390,0.977443609022556,3.05873160378112,2.40333557438259,1.15081315524938,hliml_boundary,0.751282051282051,0.138461538461538,0.11025641025641,0.751282051282051,293,3.05965005589793,2.52009495554285,1.35862211102029,0.59718005516119,3.60245002127164,1.72499709145813,3.77746504606796,2.03648974571622,0.895135629559803
258,4801,10-19,F<2,hliml_boundary,16,1.41113895474072,2.06634363187478,0.331184289707328,2.06634363187478,388,0.972431077694235,2.30725172750284,1.90943025772205,0.740623399896921,hliml_boundary,0.538659793814433,0.34020618556701,0.121134020618557,0.538659793814433,209,2.24861989976068,2.01815512114204,0.590085691513082,0.322337384867284,5.76546145775645,2.23628784007665,6.09375258387259,1.78174421266947,0.973287063683296
40,0501,10-19,F<2,hliml_boundary,13,1.05265359941802,2.03402536160477,0.465156225155922,2.03402536160477,375,0.93984962406015,2.89082577042311,2.78447631843038,1.66854549846122,hliml_boundary,0.6,0.168,0.232,0.6,225,3.16398873792416,2.97927333260643,1.86779092930425,0.870776726232785,5.98610997304619,3.5870647499169,6.40488758719239,4.01540563856403,1.87200918560404
68,7011,10-19,F<2,hliml_boundary,11,1.26664587051775,1.22872689855681,2.15213472753792,1.22872689855681,329,0.824561403508772,1.82157622994568,3.00092281921197,0.820761974396004,hliml_boundary,0.440729483282675,0.319148936170213,0.240121580547112,0.440729483282675,145,1.85220398824065,3.3684208754793,0.930544008809759,0.450821612719643,1.39439356691441,0.381371093497929,1.56515334861625,0.432381856443679,0.209476482559896
376,5904,10-19,F<2,hliml_boundary,12,0.549052820120159,9.32585264733259,30.5671812178329,9.32585264733259,314,0.786967418546366,2.69455062737302,2.93292809886642,1.39126239622164,hliml_boundary,0.531847133757962,0.114649681528662,0.353503184713376,0.531847133757962,167,3.32758859379131,3.43542104252856,2.63441137251594,1.20620402509985,0.0959502309998855,0.0455149065367524,0.112389199973871,0.0861843083842818,0.0394607542155752
498,8455,10-19,F<2,hliml_boundary,10,0.252536635616557,9.56963798351815,9.23972506847403,9.56963798351815,315,0.789473684210526,6.095508908887,3.46793177501967,5.78879849168414,hliml_boundary,0.546031746031746,0.171428571428571,0.282539682539683,0.546031746031746,172,6.94541417493329,3.36562740707159,4.5287289442439,2.96243461475053,0.375328459377245,0.626511984803048,0.364256228635538,0.490136763884452,0.320619346657658
530,8412,10-19,F<2,hliml_boundary,19,1.70460049947038,5.15405202905667,4.66962830072671,5.15405202905667,379,0.949874686716792,2.60964663865558,3.02822181618714,1.360776967091,hliml_boundary,0.617414248021108,0.255936675461741,0.12664907651715,0.617414248021108,234,2.78369595513348,2.98239573514099,1.49421430206803,0.871853760759464,0.648493117903169,0.291410125058398,0.638679471485312,0.319985704608542,0.186707314717915
4,1601,10-19,F<2,hliml_boundary,19,1.3920963928716,2.17506914168755,3.00964970100173,2.17506914168755,326,0.817042606516291,10,3.61181777969553,2.63362665009481e-15,hliml_boundary,0.644171779141104,0.226993865030675,0.128834355828221,0.644171779141104,210,10,2.66929665689864,2.63362665009481e-15,5.93769953764037,1.200079124987,8.75060858151777e-16,0.886912738053931,8.75060858151777e-16,1.97288725517261
242,3701,10-19,F<2,hliml_boundary,11,0.288471875311805,3.77397258412342,2.13346181220866,3.77397258412342,363,0.909774436090226,4.99353436894325,3.03782131260385,3.77644205484932,hliml_boundary,0.391184573002755,0.327823691460055,0.28099173553719,0.391184573002755,142,4.68741002635341,3.23533122957464,4.17890740628362,1.35687146199442,1.42389298707857,1.77010060983457,1.51647018524568,1.95874488231755,0.635995195334536
226,9029,10-19,F<2,hliml_boundary,10,1.60676300904878,9.40959985042807,21.1853462866461,9.40959985042807,192,0.481203007518797,4.94847086938247,3.96725274685704,5.63040008394115,hliml_boundary,0.609375,0.3125,0.078125,0.609375,117,10,2.99793651061899,0,4.71407450292772,0.187264002824336,0.265768612311529,0.141509913034025,0,0.222515810652535
203,2939,20-49,F2-7,hliml_boundary,36,2.44066170524822,2.55721278753692,0.828175926142566,2.55721278753692,330,0.827067669172932,2.59279128619642,3.3287611490935,1.49335065864554,hliml_boundary,0.512121212121212,0.248484848484849,0.239393939393939,0.512121212121212,169,2.55774124033497,3.18358427655363,1.279853023295,0.807146675013109,4.01938892935228,1.803180473503,3.84409178781852,1.54538786131618,0.974607748830124
558,8545,20-49,F2-7,hliml_boundary,45,2.0285702272571,2.22759492632654,0.233247837777865,2.22759492632654,395,0.989974937343358,2.20305708184967,0.929588476775213,0.40773695517042,hliml_boundary,0.554430379746835,0.182278481012658,0.263291139240506,0.554430379746835,219,2.17842618306612,1.04518586244945,0.400653321574159,0.266690366346794,3.98541090726213,1.74808460843582,4.48100986661594,1.7177150510425,1.14337765737738
646,5209,20-49,F2-7,hliml_boundary,20,2.08013403477423,1.46401963167528,5.07591971890943,1.46401963167528,306,0.766917293233083,7.864524723899,3.2743004703769,3.16605564434734,hliml_boundary,0.581699346405229,0.199346405228758,0.218954248366013,0.581699346405229,178,10,3.47572308031548,2.63362665009481e-15,6.94649948830029,0.645065456449021,0.623740291351095,0.684747449288312,5.18847183552511e-16,1.36852036142777
891,8523,20-49,F2-7,hliml_boundary,41,2.38375207449268,3.41611690538225,1.89652983000533,3.41611690538225,384,0.962406015037594,2.09039566090737,3.03890752616391,1.09930746084167,hliml_boundary,0.6796875,0.216145833333333,0.104166666666667,0.6796875,261,2.3464190978587,3.10548534242123,1.38821491055922,0.656484785211084,1.60235155708328,0.579641534474883,1.63745662909637,0.731976311996801,0.346150519134856
332,3506,20-49,F2-7,hliml_boundary,22,4.06508493698954,1.12599161855118,0.264482920911297,1.12599161855118,294,0.736842105263158,2.96891102016501,2.47646754247295,2.51421802295936,hliml_boundary,0.397959183673469,0.217687074829932,0.384353741496599,0.397959183673469,117,2.30119096905667,2.02211945105804,1.65452784887473,0.522016521281029,9.3634308557244,9.50616400596463,7.64555777019804,6.25570771516708,1.97372487978573
328,8515,20-49,F2-7,hliml_boundary,32,4.90171693057804,2.53353920766919,1.02147969546028,2.53353920766919,332,0.832080200501253,2.67007283870926,3.52913762108813,1.69280637271656,hliml_boundary,0.77710843373494,0.105421686746988,0.117469879518072,0.77710843373494,258,2.88418182425633,3.74822427153011,2.19559400839362,0.732075333372522,3.45492684462799,1.657210006464,3.66940653660391,2.14942501368497,0.716681238624769
262,8302,20-49,F2-7,hliml_boundary,31,2.20322516752226,1.13293989373943,0.359035511759873,1.13293989373943,332,0.832080200501253,1.86793166291654,3.08879548014008,1.05903549098004,hliml_boundary,0.481927710843373,0.313253012048193,0.204819277108434,0.481927710843373,160,1.51361366372761,3.61773645624002,0.682019742160709,0.322968796465414,8.60303613143957,2.94966780803659,10.0762635943923,1.89958853601326,0.899545548801923
530,8509,20-49,F2-7,hliml_boundary,26,2.43541512957788,4.34793566419217,37.8077366208351,4.34793566419217,375,0.93984962406015,7.13306494788131,3.42098210269103,4.25051790827117,hliml_boundary,0.594666666666667,0.173333333333333,0.232,0.594666666666667,223,7.11241895304094,3.15164864121046,4.2811276602215,3.28292863906041,0.090483652512692,0.112424553495456,0.0833598867030207,0.113234169586927,0.0868321918337541
58,8528,20-49,F2-7,hliml_boundary,44,2.39603405342281,2.89444455372099,0.632507126675189,2.89444455372099,258,0.646616541353383,6.25874950030588,3.29987720665105,5.5467779908465,hliml_boundary,0.697674418604651,0.0891472868217054,0.213178294573643,0.697674418604651,180,8.03203167628294,3.46904980928688,2.91770983674292,3.24046269734548,5.21713838071209,8.76951066149005,5.48460193250651,4.61292800300928,5.12320345602929
56,2703,20-49,F2-7,hliml_boundary,29,2.56489722402237,3.26409932148191,0.629658868578659,3.26409932148191,398,0.997493734335839,2.53717789021854,1.31817432845624,1.54664718158663,hliml_boundary,0.565326633165829,0.326633165829146,0.108040201005025,0.565326633165829,225,2.07528540993242,1.33129530088737,1.30738994155292,0.286803280168727,2.09347377482633,2.4563255736839,2.11431199864225,2.07634642628654,0.455489939840177
598,8462,20-49,F2-7,hliml_boundary,20,2.1587958884997,2.32322611087271,0.966739556721939,2.32322611087271,351,0.879699248120301,2.63261177568208,3.30117017118927,1.41966135364954,hliml_boundary,0.903133903133903,0.0541310541310541,0.0427350427350427,0.903133903133903,317,2.88289033837887,3.33335903447135,1.70662528790542,1.26154593021228,3.4147461415389,1.46850446304627,3.44804245496506,1.76534132284016,1.3049491162749
854,9504,20-49,F2-7,hliml_boundary,33,2.00300031837461,1.95604331213469,1.31303453906763,1.95604331213469,362,0.907268170426065,2.27709209015906,1.66004433058905,1.08795525244666,hliml_boundary,0.513812154696133,0.359116022099448,0.12707182320442,0.513812154696133,186,2.17455813632072,1.56299603854173,1.06801648093517,0.764596282664891,1.26428077951996,0.828580833234746,1.19036932543419,0.813395572742172,0.582312391574879
246,4013,20-49,F2-7,hliml_boundary,49,2.83876865463193,4.82456199286455,0.581804857953133,4.82456199286455,399,1,4.57909185588992,1.81348651383104,1.08756246876555,hliml_boundary,0.330827067669173,0.451127819548872,0.218045112781955,0.330827067669173,132,4.8488825422741,1.57764264911002,0.889410741355364,0.684987206938822,3.11700132620261,1.86929080068485,2.71163540067433,1.52870971975798,1.17734872367463
40,2707,20-49,F2-7,hliml_boundary,24,2.02187923266397,3.4886250389686,1.03082494942826,3.4886250389686,363,0.909774436090226,3.09277248788186,2.61523479731149,1.62515190179558,hliml_boundary,0.542699724517906,0.151515151515152,0.305785123966942,0.542699724517906,197,3.25318484129838,2.25220233986798,1.35680290994939,0.65814064914401,2.53703094668208,1.57655468340862,2.18485431606709,1.3162301811786,0.63846014738879
800,9019,20-49,F2-7,hliml_boundary,41,2.31285661094562,2.17841530271799,1.39746253677497,2.17841530271799,249,0.62406015037594,3.3679741994638,3.41783069266711,2.47282917550478,hliml_boundary,0.550200803212851,0.236947791164659,0.21285140562249,0.550200803212851,137,4.05798269286746,3.59583239506748,3.88506886639393,1.91137321235675,2.44574047799141,1.7695137511246,2.57311541486175,2.78008802680306,1.36774558319664
76,2910,20-49,F2-7,hliml_boundary,32,3.38865924577551,5.47313127245723,1.46535376885029,5.47313127245723,395,0.989974937343358,3.9235053442313,2.6443769332482,2.75336869280425,hliml_boundary,0.665822784810127,0.0987341772151899,0.235443037974684,0.665822784810127,263,4.11607695317248,2.85674323772277,2.93782989246022,0.806753951111438,1.80459967378592,1.87897881817613,1.94952461204242,2.0048605018877,0.550552343236824
608,5205,20-49,F2-7,hliml_boundary,33,3.08556145614424,8.4123233417633,5.84939962290475,8.4123233417633,385,0.964912280701754,4.20926764739797,2.70215666901753,3.21682385903895,hliml_boundary,0.574025974025974,0.366233766233766,0.0597402597402597,0.574025974025974,221,4.53601106267188,2.9161605821942,2.87144980508627,0.935398786717004,0.461954532638971,0.549940859988894,0.498540152868897,0.490896500530142,0.159913640205778
748,7308,20-49,F2-7,hliml_boundary,20,2.12471867776624,6.41042591563508,6.15461412680508,6.41042591563508,284,0.711779448621554,7.35175855137946,3.0643103876163,3.92628277172482,hliml_boundary,0.52112676056338,0.285211267605634,0.193661971830986,0.52112676056338,148,10,2.63293961915565,0,6.0902534869833,0.497888303715152,0.63794133812951,0.427799300639899,0,0.989542701053918
760,4408,20-49,F2-7,hliml_boundary,27,3.00703105618408,4.74046000863209,1.0552706220526,4.74046000863209,363,0.909774436090226,3.90448185362439,2.45931470426299,2.42338053262812,hliml_boundary,0.506887052341598,0.228650137741047,0.264462809917355,0.506887052341598,184,4.59624558000314,2.16957521747641,1.2836972531114,1.02225553522431,2.33050617810187,2.29645408673883,2.05594202296315,1.21646260806018,0.968714104099591
484,4401,20-49,F2-7,hliml_boundary,21,2.09014675289304,2.98248429549587,0.962406031504859,2.98248429549587,393,0.984962406015038,2.03754171401174,2.03941492854383,0.954941981028675,hliml_boundary,0.536895674300254,0.272264631043257,0.190839694656489,0.536895674300254,211,2.45670940254648,2.43563383602602,1.57639999605028,0.60449321596611,2.11907953793152,0.992244385184793,2.53077573944291,1.63797809286934,0.628106221467564
784,2701,20-49,F2-7,hliml_boundary,42,5.09687112793294,6.75853664275636,1.22473575309888,6.75853664275636,397,0.994987468671679,3.2582928062735,2.16251610675892,1.22778826679801,hliml_boundary,0.720403022670025,0.229219143576826,0.0503778337531486,0.720403022670025,286,3.49561943098499,2.27572187074366,1.75819830559812,0.39087962382896,1.76570015310423,1.00249238555452,1.8581329605064,1.43557359303789,0.319154252531567
136,7320,10-19,F<2,step2_weighted,13,0.614346853150305,1.3017232158767,0.393612463307484,1.3017232158767,312,0.781954887218045,1.3423691538132,1.56488957595228,0.251095520368422,step2_weighted,0.375,0.548076923076923,0.375,0.0769230769230769,117,1.29174521621348,1.48854613598933,0.124721846023219,0.281651590797682,3.97571144674303,0.637925736036133,3.78175559656122,0.316864575311447,0.715555570651888
600,8445,10-19,F<2,step2_weighted,16,0.407183821123238,1.23190970148721,0.23951937331233,1.23190970148721,388,0.972431077694235,1.33625533683601,1.50234145264027,0.35656234062833,step2_weighted,0.201030927835052,0.721649484536083,0.201030927835052,0.077319587628866,78,1.2495746409209,1.78468878613654,0.0854209191348729,0.204562961678338,6.27231706506359,1.48865762170886,7.4511249819,0.356634697033401,0.854056015801237
562,3505,10-19,F<2,step2_weighted,13,0.764683332500606,6.48282701346132,16.4462448612615,6.48282701346132,371,0.929824561403509,2.70232831275252,3.39528226378989,2.03722495637309,step2_weighted,0.291105121293801,0.490566037735849,0.291105121293801,0.21832884097035,108,3.78428174616289,3.22905867319036,2.74560058775502,2.58003369697025,0.206447264553828,0.123871739327662,0.196340179805803,0.166943920081244,0.156876765409678
736,4504,10-19,F<2,step2_weighted,15,0.606026463831953,2.13101019710878,6.40287641232381,2.13101019710878,339,0.849624060150376,1.86149725299435,3.12439063612995,0.83771305682435,step2_weighted,0.321533923303835,0.0943952802359882,0.321533923303835,0.584070796460177,109,2.2124309869113,1.90117659938262,0.6678244866424,0.677880815237521,0.487966725410527,0.130833863232465,0.296925393675157,0.104300699191541,0.10587129464701
148,0902,10-19,F<2,step2_weighted,14,0.75830917861366,3.4875280783056,0.357097495222872,3.4875280783056,369,0.924812030075188,2.82639294549696,1.6150539077203,1.33316873551928,step2_weighted,0.235772357723577,0.490514905149052,0.235772357723577,0.273712737127371,87,3.4205873889276,1.33006841173239,0.6031577548193,0.386204896457076,4.52272538823692,3.73334664441491,3.72466463508032,1.68905624623005,1.08151107645277
690,8530,10-19,F<2,step2_weighted,18,1.47688037823417,3.02178129402299,1.09990600288534,3.02178129402299,298,0.746867167919799,2.83064725692639,3.12612848921505,2.12289667805804,step2_weighted,0.298657718120805,0.164429530201342,0.298657718120805,0.536912751677852,89,2.9905027495311,2.11245865952448,1.02769034968256,1.13600114330925,2.84217785975747,1.93007099923914,1.92058108054956,0.934343795730418,1.03281656826058
434,2832,10-19,F<2,step2_weighted,13,0.836779988336824,3.27144625933302,0.356622793426317,3.27144625933302,390,0.977443609022556,2.86663772181657,1.40076394316935,0.928960944576174,step2_weighted,0.212820512820513,0.184615384615385,0.212820512820513,0.602564102564103,83,2.68162760053259,1.29303801516889,0.51764360493274,0.335196440003072,3.92785870390185,2.60488382038348,3.62578623409289,1.45151575971739,0.939918721354324
4,3916,10-19,F<2,step2_weighted,14,0.987983768892461,2.21184464257105,0.636872426643559,2.21184464257105,374,0.93734335839599,2.63668894812805,3.26274251157623,1.36816336823442,step2_weighted,0.294117647058824,0.398395721925134,0.294117647058824,0.307486631016043,110,2.76998683499424,3.29243615951645,1.1054193277278,0.400771430029649,5.12307076751856,2.14825341936204,5.16969493697226,1.73569977515524,0.629280548604987
858,7004,10-19,F<2,step2_weighted,12,0.359505798369695,2.14156469311093,1.20670264850003,2.14156469311093,364,0.912280701754386,2.64779231702099,2.1520768590252,1.23769060294897,step2_weighted,0.379120879120879,0.453296703296703,0.379120879120879,0.167582417582418,138,3.3310169201541,2.32910516844865,1.12939687632573,1.68096800110437,1.78343592905867,1.02567985948109,1.93014009817896,0.935936353276102,1.39302586531476
748,8448,10-19,F<2,step2_weighted,19,1.17989664867501,3.18648295240032,2.25715939360066,3.18648295240032,302,0.756892230576441,2.67834439372861,2.40075216564704,1.44404011194346,step2_weighted,0.337748344370861,0.347682119205298,0.337748344370861,0.314569536423841,102,3.33159454493066,2.41421714857362,1.42577108382926,1.40777258045748,1.06361658483379,0.639759919497709,1.06958203989414,0.631666105580098,0.623692143518395
112,1801,10-19,F<2,step2_weighted,13,1.16713633902821,3.38991467256383,1.04943180740563,3.38991467256383,371,0.929824561403509,2.71049961510712,2.57635031707784,1.4874998914029,step2_weighted,0.237196765498652,0.660377358490566,0.237196765498652,0.102425876010782,88,3.4248873201814,2.83881692216354,1.23621741110341,1.15443743601523,2.45499545458508,1.41743358730497,2.7050989898825,1.17798736647743,1.10005950636201
530,4905,10-19,F<2,step2_weighted,17,1.22439985922639,3.13388452834677,0.0773936036616937,3.13388452834677,374,0.93734335839599,2.93808760137497,2.38381970709458,1.2581516540197,step2_weighted,0.203208556149733,0.510695187165775,0.203208556149733,0.286096256684492,76,3.33778403825326,1.66902532676766,1.11362553875722,0.440687062955973,30.8012496422164,16.2565327687723,21.565416879454,14.3891159743013,5.69410186508853
440,7801,10-19,F<2,step2_weighted,16,0.452670030481265,9.68776704330542,26.1130208592673,9.68776704330542,332,0.832080200501253,5.21750602051271,3.04082428213499,3.67063189879515,step2_weighted,0.27710843373494,0.448795180722892,0.27710843373494,0.274096385542169,92,10,2.22361995934177,0,6.47807108988132,0.116448583200049,0.14056711088991,0.0851536852563203,0,0.248078195349134
736,2508,10-19,F<2,step2_weighted,19,0.885539722845787,2.56869507605759,3.86981016661704,2.56869507605759,391,0.979949874686717,2.40153265484759,2.35141965569734,0.659641729580523,step2_weighted,0.342710997442455,0.498721227621483,0.342710997442455,0.158567774936061,134,3.65609196860453,2.68288497764003,2.02656658748979,1.53945780318884,0.60763178410711,0.170458420743976,0.693285939652536,0.523686305073047,0.397812227707961
540,0208,10-19,F<2,step2_weighted,12,0.440149531843512,2.45897589454636,0.23426941604106,2.45897589454636,347,0.869674185463659,2.53616957135942,1.73736637331405,0.771464907069982,step2_weighted,0.409221902017291,0.29971181556196,0.409221902017291,0.291066282420749,142,3.31086428440133,2.18151540107395,1.14717185759672,0.333248978695643,7.41610408509128,3.29306710242864,9.31199401927735,4.89680589546379,1.42250313475505
699,9706,10-19,F<2,step2_weighted,18,0.689176472550926,1.75882211297485,0.195878729935697,1.75882211297485,326,0.817042606516291,1.45867773379171,1.39819471316767,0.377691710664632,step2_weighted,0.226993865030675,0.423312883435583,0.226993865030675,0.349693251533742,74,1.77485413188968,1.73432229528098,0.619326181107876,0.287038435377848,7.1380629924784,1.92819154376088,8.85406136669523,3.16178372869371,1.46538848537602
231,2002,10-19,F<2,step2_weighted,18,1.54310634585169,6.56792593737418,16.4128240384931,6.56792593737418,326,0.817042606516291,4.50484953668212,2.87858966234717,2.57218130920266,step2_weighted,0.420245398773006,0.401840490797546,0.420245398773006,0.177914110429448,137,5.20955111900253,2.59476196718461,2.43171126442479,1.64685360197595,0.17538661570952,0.156717777706634,0.158093571289079,0.148159223465851,0.100339441775137
340,2930,10-19,F<2,step2_weighted,18,1.67371301573859,2.48221151231288,2.21744142523948,2.48221151231288,339,0.849624060150376,2.11942771675288,2.55283539765724,1.04730881659426,step2_weighted,0.392330383480826,0.277286135693215,0.392330383480826,0.330383480825959,133,2.70594283191426,2.84531851091857,1.34383156487078,1.64208964561289,1.15125268636196,0.472305065050886,1.28315385404657,0.606027987740713,0.740533493657241
780,9103,10-19,F<2,step2_weighted,15,1.31716528339738,1.99063115066305,0.344050001628755,1.99063115066305,333,0.834586466165414,1.87668852783448,1.8920834808564,0.639307890452785,step2_weighted,0.204204204204204,0.696696696696697,0.204204204204204,0.0990990990990991,68,2.13696026272071,1.08140032861369,0.36713865471147,0.358069423405848,5.49944331317877,1.85818307637338,3.14314873853878,1.06710842311702,1.04074821017505
50,6901,10-19,F<2,step2_weighted,12,0.387883871002941,5.05373307625253,10.7547613809136,5.05373307625253,326,0.817042606516291,3.2374089384745,2.35106457040706,1.57520788321395,step2_weighted,0.334355828220859,0.503067484662577,0.334355828220859,0.162576687116564,109,3.45268534760443,2.28176570351195,1.3700374915444,1.49366849983796,0.218606855804303,0.146466093242149,0.212163303554218,0.127388925055632,0.138884392403979
428,2812,10-19,F<2,step2_weighted,13,1.26446501153715,2.23833644440048,0.316458621539752,2.23833644440048,391,0.979949874686717,2.27591730891989,1.63470563418363,0.197255073498018,step2_weighted,0.148337595907928,0.49616368286445,0.148337595907928,0.355498721227622,58,2.29146921469573,2.23145000000397,0.203932504489532,0.334801762141212,5.16562205267106,0.623320270240258,7.05131681717719,0.644420757119158,1.05796378847955
104,2912,10-19,F<2,step2_weighted,17,0.43454279012801,3.3272671899492,2.77566322643127,3.3272671899492,375,0.93984962406015,1.83209935693055,2.0038759435878,0.749637417102851,step2_weighted,0.242666666666667,0.264,0.242666666666667,0.493333333333333,91,3.09946950220127,2.0240737421123,1.50765938086879,1.58165050550633,0.721944911942443,0.270075061687753,0.729221658750979,0.543170859674939,0.569827956952795
484,8906,10-19,F<2,step2_weighted,17,1.43778524960027,7.18956597492464,6.36989461285607,7.18956597492464,351,0.879699248120301,8.84722901989063,3.5929971235735,1.70909825511016,step2_weighted,0.253561253561254,0.259259259259259,0.253561253561254,0.487179487179487,89,7.77589192699659,3.17248488648497,3.29746262903486,2.59641208589768,0.564059115879549,0.26830871764515,0.498043543778902,0.517663608182738,0.407606757050182
620,7903,10-19,F<2,step2_weighted,17,1.03579948586754,3.64157148211241,0.0461178282523289,3.64157148211241,382,0.957393483709273,3.62907075674,1.18714862311864,0.539757751680153,step2_weighted,0.366492146596859,0.280104712041885,0.366492146596859,0.353403141361257,140,3.64704495721389,1.17943222236057,0.0356165386114994,0.0701362994402056,25.7416419659503,11.7038848561325,25.5743227089408,0.772294359062772,1.52080664025335
703,1213,10-19,F<2,step2_weighted,16,0.963972950716555,2.2160169131937,0.82731473295125,2.2160169131937,333,0.834586466165414,2.03579033726675,2.75545318813814,1.13599319645631,step2_weighted,0.378378378378378,0.408408408408408,0.378378378378378,0.213213213213213,126,2.66209021518857,1.87062460258551,1.22734593735975,0.894426697142718,3.33059847527278,1.3731088680168,2.26107976575311,1.48352965138368,1.08112023335069
300,9506,50+,F2-7,hliml,80,2.4431183015636,1.11573836016088,0.106902801499996,1.11573836016088,397,0.994987468671679,1.25920188406542,1.20793238572831,0.189283866955538,hliml,0.755667506297229,0.755667506297229,0.226700251889169,0.017632241813602,300,1.26503181487229,0.567107572767584,0.216089525893378,0.133451055233768,11.299352016779,1.77061652547567,5.30488972047759,2.0213644812048,1.24834011233815
724,9033,50+,F2-7,hliml,89,5.49823221520903,1.21238562706315,0.117972259378462,1.21238562706315,398,0.997493734335839,1.39097791135256,0.508194570416896,0.238330042180376,hliml,0.793969849246231,0.793969849246231,0.173366834170854,0.0326633165829146,316,1.34234280775062,0.447656648465889,0.237753656216144,0.176068560667844,4.30774635574774,2.02022105396659,3.79459248152382,2.01533527855406,1.49245730814569
703,9617,50+,F2-7,hliml,59,2.01875950654513,3.98048446267776,1.29954371708458,3.98048446267776,383,0.959899749373434,2.75537418114399,2.60215208525324,1.18213278071297,hliml,0.527415143603133,0.527415143603133,0.14621409921671,0.326370757180157,202,2.60308744492872,1.0904468521059,0.600633371047818,0.325965154662647,2.00235825162616,0.909652184202768,0.839099783847391,0.462187891912779,0.250830464860331
170,3907,50+,F2-7,hliml,59,2.46639474236884,1.81899905646137,0.229388247173132,1.81899905646137,396,0.992481203007519,1.85151713200432,1.51930231807516,0.306653695073624,hliml,0.878787878787879,0.878787878787879,0.0681818181818182,0.053030303030303,348,1.84700489445708,1.14877472230301,0.276553381611472,0.185287036210293,6.62327881571219,1.33683263572861,5.00799293974275,1.20561268948858,0.807744243629214
757,3001,50+,F2-7,hliml,63,2.03276163679304,1.13139460057085,0.07336558158727,1.13139460057085,340,0.852130325814536,1.15606324224836,1.07251949212603,0.157161529498372,hliml,0.894117647058824,0.894117647058824,0.0794117647058824,0.0264705882352941,304,1.14268289346496,0.276538427887372,0.135309622607829,0.101733750522235,14.6188371838945,2.14216974905903,3.76932100726856,1.84432017957734,1.38666863018349
470,9018,50+,F2-7,hliml,69,2.56644257173546,2.08568827389263,0.3086770819799,2.08568827389263,397,0.994987468671679,2.4247190108991,1.27969138158153,0.856798769664268,hliml,0.954659949622166,0.954659949622166,0.0377833753148615,0.00755667506297229,379,2.39680488092628,0.877131338393829,0.819537837425687,0.329287217345764,4.14572851788477,2.77571228861124,2.84158231886792,2.65500059858364,1.0667692438767
818,4804,50+,F2-7,hliml,62,2.33529244689997,1.89364926913582,0.467549975112741,1.89364926913582,394,0.987468671679198,1.7387576655118,1.6377133881859,0.417774442944814,hliml,0.741116751269036,0.741116751269036,0.050761421319797,0.208121827411168,292,1.68815555835785,0.853657525342029,0.294969720436291,0.258042501476897,3.50275580228829,0.89353965390347,1.82581022517686,0.630883833038734,0.551903572264494
398,3002,50+,F2-7,hliml,63,2.12195565258656,1.65417905968915,0.183859581400889,1.65417905968915,352,0.882205513784461,1.58836938263455,2.58388530174086,0.609076835195202,hliml,0.701704545454545,0.701704545454545,0.207386363636364,0.0909090909090909,247,1.41805149698618,0.611823337606272,0.341244776085561,0.1813042676729,14.0535798137544,3.3127282818466,3.3276663252716,1.85600757646406,0.986101819070189
48,8207,50+,F2-7,hliml,62,3.86790747601973,1.50585692979823,0.0268616103365638,1.50585692979823,397,0.994987468671679,1.51364760957849,0.783740162107557,0.183347335365088,hliml,0.931989924433249,0.931989924433249,0.0478589420654912,0.0201511335012594,370,1.50899933240624,0.439344178206322,0.170400484718714,0.13718192028306,29.1769611831773,6.82562709635904,16.3558391586185,6.34364368270083,5.10698794913009
842,1513,50+,F2-7,hliml,81,2.95181169112036,4.64561080060249,1.10648455106596,4.64561080060249,389,0.974937343358396,4.01994411314045,1.90276008139579,1.69630723846538,hliml,0.773778920308483,0.773778920308483,0.197943444730077,0.0282776349614396,301,3.19928844747636,1.40236442245961,1.78882094587567,0.59706171175796,1.71964450797141,1.53306002947009,1.26740533440671,1.61667051216609,0.539602393167411
400,1702,50+,F2-7,hliml,51,2.07696386125239,2.9980563266581,0.615457773923192,2.9980563266581,393,0.984962406015038,2.92189446889951,1.91935618788911,0.879467252700814,hliml,0.692111959287532,0.692111959287532,0.173027989821883,0.134860050890585,272,2.9158112008663,0.960516852849724,0.789229893975457,0.527808842102906,3.11858305997877,1.42896440659887,1.56065435119452,1.2823461290359,0.857587416173861
634,7318,50+,F2-7,hliml,78,3.34348136546928,1.09875202529738,0.497067008440703,1.09875202529738,389,0.974937343358396,1.91135223452059,1.55399359832002,1.04899585720742,hliml,0.552699228791774,0.552699228791774,0.249357326478149,0.197943444730077,215,1.53040518963755,0.550653302527672,0.440701053204507,0.318736638017354,3.12632617319522,2.11037111575382,1.10780497030988,0.886602904077228,0.641234748242957
512,4818,50+,F2-7,hliml,62,2.4337607692065,2.36124040282239,0.763969111873088,2.36124040282239,392,0.982456140350877,2.15322564196465,1.87327079257158,1.07337790483888,hliml,0.737244897959184,0.737244897959184,0.165816326530612,0.0969387755102041,289,2.05955342771039,0.966565592531073,0.897632760688778,0.519068079258414,2.45202425524603,1.40500170511762,1.26518936107412,1.17495949343812,0.679435949950607
702,5609,50+,F2-7,hliml,54,2.32855446893023,2.39074265623752,0.802899118170446,2.39074265623752,382,0.957393483709273,2.17251402277688,2.10385362229117,0.985901808920639,hliml,0.523560209424084,0.523560209424084,0.232984293193717,0.243455497382199,200,1.90367615056236,0.825778093288656,0.767704012051393,0.365307649679856,2.62032125167255,1.2279273779341,1.02849545428614,0.956164971012483,0.454985740316014
528,2105,50+,F2-7,hliml,61,2.40343495094983,2.04840787816417,1.25441703398072,2.04840787816417,377,0.944862155388471,1.83998398798826,1.96135253823519,0.767280298234097,hliml,0.562334217506631,0.562334217506631,0.368700265251989,0.0689655172413793,212,2.15006285239668,1.40087585948314,1.10209798853533,0.603353348332879,1.56355700305751,0.611662850112325,1.11675449354961,0.87857383842913,0.480983063836609
414,4420,50+,F2-7,hliml,82,2.26995231497141,1.03232163872966,0.229254717342864,1.03232163872966,303,0.759398496240602,1.45443815363376,2.35773123122926,0.503363021585857,hliml,0.785478547854785,0.785478547854785,0.118811881188119,0.0957095709570957,238,1.35710767497372,0.701538787300336,0.374919443522343,0.316989478621175,10.2843302792463,2.19564957013752,3.06008441366614,1.63538376818493,1.38269555494947
826,6702,50+,F2-7,hliml,71,2.50060055135855,2.33712396001364,0.397524955019379,2.33712396001364,363,0.909774436090226,2.45919409443185,2.36604416648796,1.03716614196276,hliml,0.658402203856749,0.658402203856749,0.264462809917355,0.0771349862258953,239,2.10305162315807,0.964809426926493,0.56817225884907,0.380707344178666,5.9519387062697,2.60905920211273,2.42704115740221,1.42927444346575,0.957694201009612
710,4602,50+,F2-7,hliml,81,3.82317207479525,1.33418698075937,0.183878606661628,1.33418698075937,367,0.919799498746867,1.6432349096741,1.5405062660527,0.541101798124795,hliml,0.743869209809264,0.743869209809264,0.242506811989101,0.0136239782016349,273,1.57203121709594,0.474187032393557,0.41208294960927,0.238996352062195,8.37784391572818,2.9427120856997,2.57880479411154,2.24105977900725,1.29975072359556
152,6403,50+,F2-7,hliml,101,2.39656929714907,2.56787437428699,0.749295114259452,2.56787437428699,394,0.987468671679198,4.00149987442264,2.71951538995855,2.55026474656839,hliml,0.642131979695432,0.642131979695432,0.185279187817259,0.17258883248731,253,3.06853865089378,2.0126476231499,1.36606631590223,0.799054684552887,3.62943163275037,3.4035518156139,2.68605464635793,1.82313522389953,1.06640850760466
251,5701,50+,F2-7,hliml,104,2.01184929413535,2.31235016032088,0.521893280787815,2.31235016032088,396,0.992481203007519,2.03386427714984,1.78015767438672,0.942216901473275,hliml,0.722222222222222,0.722222222222222,0.191919191919192,0.0858585858585859,286,1.73080927589007,0.613916068203634,0.552030840320447,0.321639669801661,3.41096109093321,1.80538231887363,1.17632491316406,1.05774659425992,0.616293946755044
504,9004,50+,F2-7,hliml,55,4.29527206844883,1.35494509518094,0.342716225314189,1.35494509518094,313,0.784461152882206,1.57852611910099,2.36985910154791,0.529462503201349,hliml,0.808306709265176,0.808306709265176,0.121405750798722,0.0702875399361022,253,1.47121630516906,0.42949171730222,0.383994105902584,0.253458102035763,6.91493114857727,1.54490060316216,1.25319925226324,1.1204433217323,0.739556762459677
752,9101,50+,F2-7,hliml,62,2.13354756950507,1.91858606091293,0.844341761082089,1.91858606091293,220,0.551378446115288,1.96619496604312,3.85681645643288,1.34158567463277,hliml,0.395454545454545,0.395454545454545,0.136363636363636,0.468181818181818,87,1.25500552972605,1.22880247879094,0.247086034689514,0.226591302322078,4.56783808903408,1.58891308764999,1.45533779735843,0.29263746752601,0.2683644381532
100,8452,50+,F2-7,hliml,56,3.93529616321656,1.95716551013819,0.183060536928389,1.95716551013819,397,0.994987468671679,1.82721016437656,0.840627951124212,0.353419512757787,hliml,0.853904282115869,0.853904282115869,0.0856423173803526,0.0604534005037783,339,1.79776280826993,0.523049877120123,0.293336907282241,0.205728061671687,4.59207628923898,1.93061551488861,2.85725086300131,1.60240383975816,1.12382529366318
276,4909,50+,F2-7,hliml,107,3.12043258214765,2.18931928017269,1.36471953178031,2.18931928017269,386,0.967418546365915,2.05223960991498,2.27207102738077,1.05503240595633,hliml,0.616580310880829,0.616580310880829,0.22279792746114,0.160621761658031,238,1.7865620048467,0.742919620493549,0.720952481638706,0.423256211806867,1.66486298061317,0.773076358466132,0.544375311698216,0.528278862322874,0.310141536008296
508,8485,50+,F2-7,hliml,54,2.48055531552017,1.7611287331018,1.12375640522484,1.7611287331018,372,0.932330827067669,2.43135558323516,2.50462055001659,1.37400403353097,hliml,0.338709677419355,0.338709677419355,0.268817204301075,0.39247311827957,126,1.49966971860902,0.588131197344623,0.421489475699343,0.356551649301402,2.22879312489032,1.22268850005448,0.523361819883864,0.375071922829227,0.31728553238374
376,4104,50+,F2-7,hliml,53,6.37342399643078,7.20514243792838,14.4591124667914,7.20514243792838,382,0.957393483709273,1.82743327559542,2.90413193958651,0.694180103674429,hliml,0.5,0.5,0.350785340314136,0.149214659685864,191,1.63747928770986,1.90319799262168,0.6042769426768,0.336837158254819,0.200851327926006,0.0480098695731686,0.131626197458026,0.0417921185732983,0.0232958391483877
688,8465,50+,F2-7,hliml,52,3.04656431231906,1.7033658209278,0.266088486511383,1.7033658209278,398,0.997493734335839,1.77584523220462,1.12388419867884,0.236281354780846,hliml,0.675879396984925,0.675879396984925,0.206030150753769,0.118090452261307,269,1.72495630101258,0.388479996862319,0.194193367094271,0.229684008308055,4.22372351924655,0.887980377800896,1.4599654496727,0.729807477355708,0.863186571201869
826,6808,50+,F2-7,hliml,50,2.13962286764608,2.19956100194577,0.775363933699639,2.19956100194577,392,0.982456140350877,2.03398908239918,2.12470344519789,1.00398837925209,hliml,0.321428571428571,0.321428571428571,0.23469387755102,0.443877551020408,126,1.80886527658501,0.544750028494806,0.602091381270176,0.366747030219526,2.74026602586465,1.29486082033965,0.702573339845121,0.776527453885177,0.472999857588936
752,4817,50+,F2-7,hliml,69,2.414973672647,3.48284583110152,1.10049726214381,3.48284583110152,394,0.987468671679198,4.27065339198049,2.21242409603792,2.32668233924836,hliml,0.601522842639594,0.601522842639594,0.114213197969543,0.284263959390863,237,3.42826363888735,1.5260511914749,1.86383081572615,0.942588789675596,2.01038582479346,2.11421002058279,1.38669240167132,1.69362603601152,0.856511708024972
208,7210,50+,F2-7,hliml,54,2.20561478062481,2.13142524004985,3.68993819978722,2.13142524004985,399,1,2.95165832268539,1.79230689542133,1.86569616069802,hliml,0.669172932330827,0.669172932330827,0.135338345864662,0.195488721804511,267,2.7796086545184,1.37231779017671,1.39009113809683,0.610830156946635,0.485728160846889,0.505617183725624,0.371908068881978,0.376724775004901,0.165539400356856
90,9101,nexp_NA,F<2,hliml_boundary,3,0.114006955761941,4.13571683500405,3.27743451128253,4.13571683500405,120,0.300751879699248,4.13585974466381,2.5044123594937,1.21221684411452,hliml_boundary,0.575,0.116666666666667,0.308333333333333,0.575,69,4.39693573926901,2.44249791473118,0.386859488213981,3.27743423669721,0.764138032620418,0.369867602217977,0.745246901600293,0.118037290106704,0.999999916219434
231,4302,nexp_NA,F<2,hliml_boundary,3,0.0793175301311293,6.23138788772173,0.392398427549055,6.23138788772173,81,0.203007518796992,6.38578073394924,1.20875763943019,0.352719799617876,hliml_boundary,0.91358024691358,0.0864197530864198,0,0.91358024691358,74,6.23138788784591,1.20788423017897,0.38064147698021,0.441159748616351,3.08043446295177,0.89888178660905,3.07820864044611,0.970038232206283,1.12426482280233
20,3911,nexp_NA,F<2,hliml_boundary,3,1.32501285550489,1.14507872488784,0.392040723360512,1.14507872488784,119,0.298245614035088,1.43474263153235,2.10360953903652,0.429455707845449,hliml_boundary,0.739495798319328,0,0.260504201680672,0.739495798319328,88,1.34117751326284,1.43583736886806,0.15530904089799,0.300765922999272,5.36579343340841,1.09543647446679,3.66246995097929,0.396155377856425,0.767180308262758
674,6304,nexp_NA,F<2,hliml_boundary,3,0.103504191787198,6.19331349002975,1.01561844945979,6.19331349002975,131,0.328320802005013,6.19931852345143,1.57307009929218,0.116803099579125,hliml_boundary,0.977099236641221,0.0152671755725191,0.00763358778625954,0.977099236641221,128,6.19931852382155,1.553165400416,0.116803098999728,0.83846401746413,1.54887901074355,0.11500687058339,1.52928041159762,0.115006870012903,0.825569895771499
535,4412,nexp_NA,F<2,hliml_boundary,3,0.192332285848451,2.47801925751597,0.0608731866348278,2.47801925751597,95,0.238095238095238,2.47888739292289,0.389181174768326,0.0938497659785388,hliml_boundary,0.68421052631579,0.252631578947368,0.0631578947368421,0.68421052631579,65,2.47884848076159,0.119290470291565,0.0388546604819045,0.0608731866327349,6.39331036015882,1.54172585939248,1.95965542279193,0.638288590262077,0.999999999965618
51,2845,nexp_NA,F<2,hliml_boundary,3,0.0285481399550378,2.46222085260166,2.55110022315839,2.46222085260166,105,0.263157894736842,2.41059166951113,2.24495016809268,0.54536150850882,hliml_boundary,0.961904761904762,0.0380952380952381,0,0.961904761904762,101,2.46222066682007,2.27288354407762,0.41326089574703,2.02613756503846,0.879992933132716,0.213775022854114,0.890942473935297,0.161993202774054,0.794221076320556
524,6603,nexp_NA,F<2,hliml_boundary,3,0.249529035536842,4.07870971413123,2.9433908473939,4.07870971413123,112,0.280701754385965,4.07870971383857,2.75024541243516,1.74350635673715,hliml_boundary,0.857142857142857,0.133928571428571,0.00892857142857143,0.857142857142857,96,4.07870981075154,2.75110997986574,1.29788388769157,2.42426618779757,0.934379956664693,0.592346190884187,0.934673688443924,0.440948536902848,0.823630402311008
28,2901,nexp_NA,F<2,hliml_boundary,3,0.658044190985298,1.88215485304749,0.0647041732616067,1.88215485304749,189,0.473684210526316,1.89433612515374,1.93872323901625,0.489686979945652,hliml_boundary,0.71957671957672,0.105820105820106,0.174603174603175,0.71957671957672,136,1.88215485305309,1.79179582444986,0.0417139461531013,0.134086285586447,29.9628778375355,7.56808958775794,27.6921214525903,0.644687105180169,2.07229733149237
72,0404,nexp_NA,F<2,hliml_boundary,3,0.150741419383896,1.25430305980336,0.372671935480005,1.25430305980336,78,0.195488721804511,1.2543030818229,4.16044238597826,0.200771481513362,hliml_boundary,1,0,0,1,78,1.2543030818229,4.16044238597826,0.200771481513362,0.372671935432311,11.1638199442616,0.538735178045446,11.1638199442616,0.538735178045446,0.999999999872022
876,4411,nexp_NA,F<2,hliml_boundary,3,0.00013232793639073,2.03093374800657,0.0653152093044436,2.03093374800657,169,0.423558897243108,2.0486940820794,2.5898502392512,0.0805755684459849,hliml_boundary,0.970414201183432,0.029585798816568,0,0.970414201183432,164,2.05446318349444,2.5871122321926,0.0754030156246708,0.0653152093040906,39.65156457173,1.23364173986507,39.6096446714838,1.15444804399549,0.999999999994595
64,8474,10-19,F2-7,step2_weighted,15,2.54046014732955,3.26132078382837,0.0381599613752803,3.26132078382837,336,0.842105263157895,3.25466914302486,2.15412636579554,1.15352431094622,step2_weighted,0.410714285714286,0.342261904761905,0.410714285714286,0.24702380952381,138,3.26898006054299,1.69483685024525,0.482427273634058,0.185658394691403,56.4499094904998,30.2286550974726,44.4140085357411,12.6422369480324,4.86526683991014
800,6113,10-19,F2-7,step2_weighted,19,2.09195580853715,3.97044559536719,0.813112408897106,3.97044559536719,313,0.784461152882206,2.52759684863061,3.50529020050111,1.97191124176518,step2_weighted,0.29073482428115,0.370607028753994,0.29073482428115,0.338658146964856,91,3.2180493296636,3.33760084138015,2.29629239651347,1.12614968935133,4.31095401096588,2.42513977180578,4.10472255110118,2.82407742322876,1.38498647546017
352,4807,10-19,F2-7,step2_weighted,18,2.15409939771102,1.43511258923994,0.123023398527706,1.43511258923994,361,0.904761904761905,1.51862215657949,1.93441193357066,0.458458069527212,step2_weighted,0.285318559556787,0.6398891966759,0.285318559556787,0.074792243767313,103,1.82134241371373,1.46767639221684,0.520325688301184,0.240258366440248,15.7239350946317,3.72659246138417,11.9300589138439,4.22948556557719,1.95294853918492
388,3821,10-19,F2-7,step2_weighted,14,2.08853617135715,1.49958424696777,0.0716363712947865,1.49958424696777,314,0.786967418546366,1.47916669001643,2.18883093593669,0.390881237035516,step2_weighted,0.248407643312102,0.417197452229299,0.248407643312102,0.334394904458599,78,1.49498543951725,0.567824853654281,0.107834579955731,0.185209107593698,30.5547433011308,5.45646338543621,7.92648822645775,1.50530488921595,2.58540604787971
175,1702,10-19,F2-7,step2_weighted,14,4.73235623009596,4.05757074610803,0.0527239875721679,4.05757074610803,371,0.929824561403509,4.01017959551797,2.16211312631891,1.60445919504177,step2_weighted,0.194070080862534,0.474393530997305,0.194070080862534,0.331536388140162,72,4.09640755659376,1.42307973751806,0.0767119475844854,0.0666015987736799,41.0081487740174,30.4312945382897,26.9911249707768,1.45497241610345,1.26321247387665
662,8713,10-19,F2-7,step2_weighted,10,2.34735765134325,1.51084354824321,0.146441300272736,1.51084354824321,333,0.834586466165414,1.55324877719375,2.75956483092798,0.217829625080541,step2_weighted,0.378378378378378,0.276276276276276,0.378378378378378,0.345345345345345,126,1.55425278567003,1.28066082379911,0.189878068824695,0.207803745173089,18.8441705023684,1.48748764641429,8.74521614745274,1.29661556180572,1.41902417409617
858,2801,10-19,F2-7,step2_weighted,14,2.03415822340796,1.60090212274284,0.067817211638007,1.60090212274284,379,0.949874686716792,1.6250884174552,0.903407230613286,0.148821200371594,step2_weighted,0.408970976253298,0.377308707124011,0.408970976253298,0.213720316622691,155,1.57183260376235,0.470455762616769,0.0817541013362611,0.112678113554103,13.3212087137329,2.1944458755687,6.93711450609258,1.20550667539453,1.66149729298151
44,4804,10-19,F2-7,step2_weighted,12,2.34009028177235,5.43240475445872,0.645001930422056,5.43240475445872,332,0.832080200501253,3.10724832541302,2.19511175970298,2.11272376159158,step2_weighted,0.38855421686747,0.367469879518072,0.38855421686747,0.243975903614458,129,4.49078877519348,2.28781064883377,1.74222865881513,0.995097611835552,3.40326386041451,3.27553091230149,3.54698263823295,2.70112161939594,1.54278237769678
646,2827,10-19,F2-7,step2_weighted,19,3.67216349905106,2.6941796844718,0.370774004040289,2.6941796844718,359,0.899749373433584,2.21139693240195,2.5418559463687,0.687024330251117,step2_weighted,0.225626740947075,0.704735376044568,0.225626740947075,0.0696378830083566,81,3.28567455202554,3.28681923462071,2.5604248204902,0.536117701545195,6.85553981312157,1.8529463305536,8.86475103109862,6.9056211940144,1.44594199081697
626,2203,10-19,F2-7,step2_weighted,16,2.26916452074057,9.09025115402785,3.77268272863676,9.09025115402785,383,0.959899749373434,7.94896677964515,2.96475637610279,3.0408618524981,step2_weighted,0.530026109660574,0.35509138381201,0.530026109660574,0.114882506527415,203,8.93255451520012,2.08172236567767,1.58259467576431,2.85742490384743,0.78584831785579,0.806021091945066,0.551788346758194,0.419487878943949,0.75739867605563
764,2702,10-19,F>=7,hliml_boundary,10,9.25987007185654,7.10707389701385,1.25520068451829,7.10707389701385,354,0.887218045112782,2.92912519377069,2.86975076066406,2.41700812661013,hliml_boundary,0.598870056497175,0.175141242937853,0.225988700564972,0.598870056497175,212,5.766862670128,3.15288522278922,5.06938091647891,0.652577477453612,2.28628839679561,1.92559497172177,2.51185747560297,4.03870152319461,0.519898917760752
703,2846,10-19,F>=7,hliml_boundary,15,11.4398186024718,4.33085767105164,5.39353612330434,4.33085767105164,368,0.922305764411028,4.90784893073344,3.37980144740494,4.58051943823749,hliml_boundary,0.78804347826087,0.154891304347826,0.0570652173913044,0.78804347826087,290,5.716598193213,3.43588777768254,5.83974340543633,2.91130697151215,0.626639253012791,0.849260917794919,0.637038057988857,1.08273000716617,0.539777041435395
328,9507,10-19,F>=7,hliml_boundary,16,17.5179964651836,5.96582427009722,2.93350022551398,5.96582427009722,353,0.884711779448622,6.7716934174161,3.37793447547112,4.7862873393389,hliml_boundary,0.660056657223796,0.152974504249292,0.186968838526912,0.660056657223796,233,7.42044366754984,3.52525179257227,3.82445021849061,1.71556928896473,1.15150305634603,1.63159603592677,1.20172201178359,1.30371567222925,0.584819893328676
340,4111,10-19,F>=7,hliml_boundary,10,42.1151383638042,2.86206492975546,1.52281316637545,2.86206492975546,230,0.576441102756892,4.15763594303698,1.85733770328443,0.903990631356552,hliml_boundary,0.539130434782609,0.0478260869565217,0.41304347826087,0.539130434782609,124,3.10562004385513,1.96453364763605,1.56909165836668,1.16793886585683,1.21967536418483,0.593632003792165,1.29006873004123,1.03039013124727,0.766961365744375
740,0602,10-19,F>=7,hliml_boundary,13,14.0200552315395,3.51539235082739,8.00235576648196,3.51539235082739,299,0.74937343358396,3.71116717955205,3.22421907380011,2.86936316174117,hliml_boundary,0.618729096989967,0.190635451505017,0.190635451505017,0.618729096989967,185,3.50129595122164,3.71045379573835,3.42241896977832,1.27473385658582,0.402908739362079,0.358564808348006,0.463670187131603,0.427676432996543,0.159294824397219
417,8209,10-19,F>=7,hliml_boundary,17,8.72635640128379,3.74532176110429,2.14485005153956,3.74532176110429,371,0.929824561403509,3.29518475742452,3.47702463316116,3.02828639221105,hliml_boundary,0.460916442048518,0.479784366576819,0.0592991913746631,0.460916442048518,171,10,3.81894897267004,2.63362665009481e-15,0.990209615791906,1.62110382992292,1.41188722728536,1.78052026057897,1.22788380856946e-15,0.461668457933056
604,1511,10-19,F>=7,hliml_boundary,12,8.95364388146384,3.06177116766968,0.980569710279683,3.06177116766968,344,0.862155388471178,3.25257503963455,2.78482588314653,0.724376375120977,hliml_boundary,0.819767441860465,0.119186046511628,0.061046511627907,0.819767441860465,282,3.28063061103601,2.63486052272703,0.606863200283941,0.681271869252187,2.8400080626111,0.738730115286109,2.68707109255446,0.618888380827967,0.694771480405887
418,7315,10-19,F>=7,hliml_boundary,19,11.6771625856719,1.60443501788645,1.17720618636736,1.60443501788645,339,0.849624060150376,3.17324687196822,3.08574723432094,1.71315985443979,hliml_boundary,0.530973451327434,0.286135693215339,0.182890855457227,0.530973451327434,180,2.93544888149928,2.48501312603395,1.4838944139099,0.650350272315591,2.62124619294006,1.45527595274221,2.11094127333992,1.26052209977669,0.552452306016543
214,5908,10-19,F>=7,hliml_boundary,11,19.6834845222528,1.48404825366774,0.786428448683281,1.48404825366774,345,0.864661654135338,2.12901313820198,3.21868173304314,1.04329950270437,hliml_boundary,0.63768115942029,0.0927536231884058,0.269565217391304,0.63768115942029,220,1.87297448910144,1.45926656245657,0.564941511795844,0.482832897450662,4.0927839505707,1.32662991077086,1.85556176776136,0.718363524032895,0.613956550349966
76,1506,10-19,F>=7,hliml_boundary,13,7.51750957695853,1.06372252600912,0.342232252553935,1.06372252600912,312,0.781954887218045,1.92460008793868,3.73795322883188,1.09291850433473,hliml_boundary,0.778846153846154,0.153846153846154,0.0673076923076923,0.778846153846154,243,2.15721510509026,3.87504972571434,1.59819506593459,0.512717239969325,10.9222704784167,3.19349943256001,11.3228653839505,4.66991364492369,1.49815581711873
404,9203,10-19,F2-7,hliml,11,4.56229983864964,1.64018524386866,0.0373877949945698,1.64018524386866,202,0.506265664160401,1.66609023330313,2.59904465403519,0.0619209934019498,hliml,0.797029702970297,0.797029702970297,0.0297029702970297,0.173267326732673,161,1.66025578842923,1.04414221838909,0.0379759364126199,0.0309032811736474,69.5158581674226,1.65618200835174,27.9273548638196,1.01573083992077,0.826560677839809
212,0813,10-19,F2-7,hliml,10,2.74957625981187,2.80712065961743,0.528114663783775,2.80712065961743,367,0.919799498746867,2.40694028438216,1.82529309166934,0.901774403843636,hliml,0.645776566757493,0.645776566757493,0.20708446866485,0.147138964577657,237,2.28620043682386,0.83310879236882,0.835668928922606,0.376827175512996,3.45624391224377,1.70753524884673,1.57751497828115,1.58236266899938,0.713532877146694
222,3816,10-19,F2-7,hliml,19,3.40559795123886,1.25806907040508,0.0759701900882076,1.25806907040508,377,0.944862155388471,1.55035076003292,3.46571709979186,0.576007579095773,hliml,0.604774535809019,0.604774535809019,0.16710875331565,0.228116710875332,228,1.2827435164876,0.693125497730264,0.236367872445254,0.160174874827219,45.6194343566586,7.58202103255212,9.12365096000798,3.11132395707857,2.1083911286946
600,1108,10-19,F2-7,hliml,15,2.07544870091641,1.03675712790729,0.914890848823101,1.03675712790729,288,0.721804511278195,6.25941266815634,3.72858408250375,5.54579477819141,hliml,0.253472222222222,0.253472222222222,0.173611111111111,0.572916666666667,73,2.05634876968776,1.53226248164195,1.17456948017365,0.838856421587704,4.07544144451782,6.06170100545374,1.67480359390743,1.28383564190701,0.916892351329991
332,3918,10-19,F2-7,hliml,14,2.48319154317298,2.42789323710382,6.82309118753336,2.42789323710382,309,0.774436090225564,6.80882647166876,3.43808103381207,4.7312338731039,hliml,0.26537216828479,0.26537216828479,0.365695792880259,0.368932038834951,82,3.68295049339864,2.09455036481402,2.48173557423508,0.972916975397278,0.503889064254905,0.693415014260466,0.306979682264987,0.363725986656829,0.142591817792926
300,0506,10-19,F2-7,hliml,19,3.33070759653704,6.61424960404437,1.57820671569097,6.61424960404437,306,0.766917293233083,6.26986330888996,2.96888361521178,4.06604439346923,hliml,0.509803921568627,0.509803921568627,0.156862745098039,0.333333333333333,156,6.10476807739044,2.06330600521599,1.48342620103937,0.833652976006001,1.88117537816454,2.57636997298483,1.30737373292233,0.939944169728042,0.528227999360027
662,4205,10-19,F2-7,hliml,19,2.18777777521727,3.81592426572372,3.29862718859966,3.81592426572372,340,0.852130325814536,3.8520245280279,3.88339436107194,3.87216992235658,hliml,0.464705882352941,0.464705882352941,0.173529411764706,0.361764705882353,158,1.85601325686181,1.80092926604668,0.77298256847774,0.519327002609964,1.17727592087196,1.17387316024652,0.54596326383013,0.234334625976902,0.157437313438998
854,0401,10-19,F2-7,hliml,18,2.04699707004092,2.30403652510034,1.23428549681262,2.30403652510034,328,0.822055137844611,2.52021335663029,2.70779236321944,1.43847282625127,hliml,0.600609756097561,0.600609756097561,0.13109756097561,0.268292682926829,197,2.10029447453205,1.01735346591399,0.882114921400109,0.558291922110091,2.19381364377363,1.16542957846134,0.824244851406881,0.714676566870513,0.452319923997979
242,8546,10-19,F2-7,hliml,13,2.3243971977932,2.50124186971761,1.04922592268435,2.50124186971761,368,0.922305764411028,2.28400896010003,1.88278790502478,1.01294591551667,hliml,0.695652173913044,0.695652173913044,0.152173913043478,0.152173913043478,256,2.2034227479207,1.16677959021823,0.883168758388679,0.67115398556663,1.79445423937662,0.965422120838509,1.11203847044985,0.841733643150154,0.639665844177337
711,2104,10-19,F2-7,hliml,19,3.31326270626577,2.65501810865473,1.08819989528726,2.65501810865473,379,0.949874686716792,2.57246836118087,1.55503314560276,0.481386713133075,hliml,0.928759894459103,0.928759894459103,0.0263852242744063,0.0448548812664908,352,2.52116423066934,0.720368437656644,0.448332632254134,0.445363667401655,1.42899586035364,0.442369747707059,0.661981719329684,0.411994739381759,0.409266412660413
180,8210,10-19,F2-7,hliml,16,2.47876165610777,2.09672678511981,0.138782978663185,2.09672678511981,373,0.93483709273183,2.06465488030666,1.74455637811335,0.210512916081576,hliml,0.686327077747989,0.686327077747989,0.0777479892761394,0.235924932975871,256,2.08762037202256,0.817314653056029,0.131417396723717,0.146524730608399,12.5703915200383,1.51684967500571,5.8891562994882,0.946927339286013,1.05578315165006
498,4107,10-19,F2-7,hliml,18,5.05914285081811,6.18065239374465,2.5349079636745,6.18065239374465,383,0.959899749373434,5.25003619433702,2.61990369607015,2.59255983078905,hliml,0.276762402088773,0.276762402088773,0.25065274151436,0.472584856396867,106,3.92395119273634,1.69136087586278,1.91625590785226,1.28652943872506,1.03353010587116,1.02274317961074,0.667227725858361,0.755946935870026,0.507525108272632
258,8709,10-19,F2-7,hliml,18,3.22647478380358,1.92643502346334,0.328087279037734,1.92643502346334,349,0.87468671679198,2.71893909455825,2.72239663278743,1.294755444117,hliml,0.212034383954155,0.212034383954155,0.0945558739255014,0.693409742120344,74,2.11397918885405,1.58382310247821,0.367020307190457,0.462831862489962,8.29778173896929,3.94637502531173,4.8274444139483,1.1186666799972,1.41069737250231
175,5608,10-19,F2-7,hliml,14,2.4009817341993,2.45854054859761,0.367601315782757,2.45854054859761,359,0.899749373433584,2.55799965159982,2.39985311095874,1.19580144096064,hliml,0.654596100278552,0.654596100278552,0.114206128133705,0.231197771587744,235,2.30637954179709,1.35023288518988,0.948987043504536,0.451116992446565,6.5284127339114,3.25298465924788,3.67309045756473,2.58156595953363,1.22719090786161
862,5504,10-19,F2-7,hliml,16,4.82130377408384,6.22037962843859,3.98397019613244,6.22037962843859,361,0.904761904761905,4.96101714141008,2.87267589046134,2.99643585031159,hliml,0.634349030470914,0.634349030470914,0.260387811634349,0.105263157894737,229,4.21622097711295,1.77499559737421,1.75718512983573,1.05450158915639,0.721058579517004,0.752123058857335,0.445534356431014,0.441063824107312,0.264686113912216
31,4415,50+,F2-7,hliml_boundary,50,2.11183381559588,2.35642744400118,0.678024980613498,2.35642744400118,363,0.909774436090226,3.01619991245076,2.76279332250979,2.24555062506295,hliml_boundary,0.570247933884298,0.203856749311295,0.225895316804408,0.570247933884298,207,3.06052809541296,3.04993631607555,2.22892477614343,0.983470644869168,4.07476627190038,3.31189954539891,4.49826540803242,3.28737854780311,1.45049323105956
702,0604,50+,F2-7,hliml_boundary,50,3.05861406276759,1.0126752172852,0.549929201819164,1.0126752172852,355,0.889724310776942,2.12703188908052,3.2133587992362,1.37335108753971,hliml_boundary,0.467605633802817,0.216901408450704,0.315492957746479,0.467605633802817,166,1.72009792099282,2.93777001650558,0.71509883470449,0.525956422941879,5.84322270686193,2.49732344272076,5.34208768471914,1.30034708529561,0.956407517916882
458,6106,50+,F2-7,hliml_boundary,66,2.11775507952726,1.45596278198068,0.603456937869294,1.45596278198068,345,0.864661654135338,1.58788641104788,1.73231019520066,0.527419382444158,hliml_boundary,0.571014492753623,0.234782608695652,0.194202898550725,0.571014492753623,197,1.60465540125392,1.08882758597181,0.514881360536385,0.346377992403811,2.87064426057832,0.873996716826868,1.80431695725677,0.853219721616502,0.573989576831803
834,8803,50+,F2-7,hliml_boundary,66,4.00520064919168,5.66407040544803,1.84903181321082,5.66407040544803,369,0.924812030075188,3.07192383577553,2.47685606472744,1.91694748568891,hliml_boundary,0.455284552845528,0.360433604336043,0.184281842818428,0.455284552845528,168,4.26404069857692,2.56015465395088,2.35960117336029,1.30910817239116,1.33954215770167,1.03673039695307,1.38459199872024,1.27612794788148,0.707996565033627
120,8474,50+,F2-7,hliml_boundary,65,2.0556346551679,3.09659976031532,0.239993237846418,3.09659976031532,383,0.959899749373434,2.96008904450671,2.33314226597248,0.944908608025426,hliml_boundary,0.634464751958225,0.185378590078329,0.180156657963446,0.634464751958225,243,2.92609085063395,1.4297675184208,0.610837346636288,0.362463337793158,9.72170002333797,3.9372301340845,5.9575325173777,2.54522732439315,1.51030646132252
203,8523,50+,F2-7,hliml_boundary,106,2.46692919105601,5.40854194096965,1.48406827074922,5.40854194096965,309,0.774436090225564,6.35176484101648,3.26915474443387,5.40887344670896,hliml_boundary,0.388349514563107,0.13915857605178,0.472491909385113,0.388349514563107,120,5.12922319859498,2.94476634443078,2.80698691344155,1.47950388031521,2.20283312356208,3.64462575834084,1.98425261321983,1.89141360189883,0.996924406697475
764,3901,50+,F2-7,hliml_boundary,70,2.40216671931951,1.58351946916982,0.117961154294163,1.58351946916982,399,1,2.33086908009715,1.44040847941732,1.28363261788641,hliml_boundary,0.523809523809524,0.393483709273183,0.0827067669172932,0.523809523809524,209,1.79867213507956,1.56649855338194,0.638310591668357,0.155928125108881,12.2108713502866,10.8818248309556,13.2797831858742,5.41119316344248,1.32185994653832
152,6913,50+,F2-7,hliml_boundary,67,2.94630809351799,3.69866964214862,0.368602107499147,3.69866964214862,395,0.989974937343358,3.59442275535115,1.15502252102099,0.693324393027492,hliml_boundary,0.675949367088608,0.131645569620253,0.192405063291139,0.675949367088608,267,3.72441080870026,1.00723945068103,0.540004667554952,0.390394601146496,3.13352120761726,1.88095612836152,2.7325927611072,1.46500699960377,1.05912199958705
608,4203,50+,F2-7,hliml_boundary,114,2.02107708661497,1.83151252279807,0.33141005118585,1.83151252279807,378,0.947368421052632,1.82250226716026,2.51570270211806,0.618197400976007,hliml_boundary,0.542328042328042,0.338624338624339,0.119047619047619,0.542328042328042,205,1.89414206177175,2.66118652855024,0.686175269086043,0.408628138787987,7.59090647105113,1.86535501492479,8.02989082264702,2.07047211341591,1.23299862911772
376,6117,50+,F2-7,hliml_boundary,69,3.00849233966659,8.18498612044078,8.98021519093419,8.18498612044078,392,0.982456140350877,5.36160426716632,3.08096201984795,4.10207692974211,hliml_boundary,0.614795918367347,0.137755102040816,0.247448979591837,0.614795918367347,241,6.53329117535697,3.07101392524406,5.13974250341575,3.40007495662393,0.343083317530996,0.456790493604573,0.341975538441923,0.572340683840682,0.378618427769572
705,3407,50+,F2-7,hliml_boundary,52,2.16096535145226,7.23686557845284,2.22083430027858,7.23686557845284,391,0.979949874686717,8.45482417599288,2.59355453847362,2.29087767667296,hliml_boundary,0.792838874680307,0.0562659846547315,0.150895140664962,0.792838874680307,310,8.44050982751226,2.33027924722708,2.31210012973033,2.53656649359715,1.16782892724067,1.031539217665,1.04928100531173,1.04109528992789,1.14216828030752
826,0813,50+,F2-7,hliml_boundary,108,3.52645400948238,5.41303501077971,0.843410724714653,5.41303501077971,395,0.989974937343358,5.5320227605226,2.31300401241629,2.00037033607104,hliml_boundary,0.726582278481013,0.113924050632911,0.159493670886076,0.726582278481013,287,5.38494209552798,1.73259661728697,1.45038800355671,0.984200446129031,2.74244083533421,2.37176298267705,2.05427387453859,1.71966986078747,1.16692901487826
251,1803,50+,F2-7,hliml_boundary,56,3.35453127804153,3.33807362973816,0.272769848418403,3.33807362973816,395,0.989974937343358,3.19830426019695,1.31643775080836,0.475365955793799,hliml_boundary,0.607594936708861,0.291139240506329,0.10126582278481,0.607594936708861,240,3.30114863794584,1.20415102658631,0.358781715394455,0.276870780092575,4.82618499970374,1.74273644447913,4.4145312745097,1.31532761951064,1.01503440243836
320,9608,50+,F2-7,hliml_boundary,69,2.06919903820429,8.83599684271967,2.72188609122633,8.83599684271967,318,0.796992481203008,4.27187012987126,3.48361104360033,4.27741830183963,hliml_boundary,0.273584905660377,0.540880503144654,0.185534591194969,0.273584905660377,87,10,1.73439372762204,2.63362665009481e-15,1.88733261452921,1.27985188462858,1.57149056149975,0.637202906180626,9.67574160646909e-16,0.693391476084467
222,6102,50+,F2-7,hliml_boundary,51,2.12925697047105,1.49451933703924,0.54941837175785,1.49451933703924,368,0.922305764411028,2.18829411537375,2.81694649268205,1.21880657953013,hliml_boundary,0.535326086956522,0.33695652173913,0.127717391304348,0.535326086956522,197,2.11310324128834,3.12777500295172,1.22946026779179,0.610438331021678,5.1271428796043,2.21835788932684,5.69288390001319,2.23774873755708,1.11106283007719
191,7326,50+,F2-7,hliml_boundary,83,4.30555132033371,1.00306602126357,0.0823096271842104,1.00306602126357,394,0.987468671679198,2.65626304539759,1.87998622070633,1.4987667326906,hliml_boundary,0.317258883248731,0.0532994923857868,0.629441624365482,0.317258883248731,125,1.17889367188804,0.700047020082096,0.237264436451082,0.103476619338876,22.8404171543492,18.2088873921921,8.50504423395551,2.88258426830291,1.25716301821284
208,4001,50+,F2-7,hliml_boundary,53,2.27375333629537,4.3776974550306,1.01965658870635,4.3776974550306,348,0.87218045112782,4.68350446165534,3.4883455631709,4.80817316670531,hliml_boundary,0.307471264367816,0.247126436781609,0.445402298850575,0.307471264367816,107,4.18929801867308,2.22434472590664,1.98839750437291,1.28999776601912,3.42109843824635,4.71548285958265,2.18146457399808,1.95006586177765,1.26512963315988
600,8507,50+,F2-7,hliml_boundary,54,2.79231568320951,2.68782148459223,0.167710309602055,2.68782148459223,399,1,2.57962150764943,0.88395000130249,0.280154699329407,hliml_boundary,0.894736842105263,0.0225563909774436,0.0827067669172932,0.894736842105263,357,2.56827308154519,0.426219721552753,0.261018317752504,0.169645030573572,5.27069566206119,1.6704679634434,2.54140441672365,1.55636417565414,1.0115360884856
242,7219,10-19,F2-7,hliml_boundary,10,3.13249813917141,4.1850026111868,6.04936872146254,4.1850026111868,385,0.964912280701754,7.54903583925766,3.21727669948534,3.6337994647166,hliml_boundary,0.558441558441558,0.322077922077922,0.119480519480519,0.558441558441558,215,10,2.98453698174437,2.63362665009481e-15,5.14050617005952,0.531836766383701,0.600690688901844,0.493363377100083,4.35355616653185e-16,0.84975910822257
807,2906,10-19,F2-7,hliml_boundary,19,2.01204349214717,2.88121273308919,7.16937888634901,2.88121273308919,372,0.932330827067669,3.03282161211056,2.67489817772988,1.54399288961413,hliml_boundary,0.352150537634409,0.204301075268817,0.443548387096774,0.352150537634409,131,3.2627820546492,3.43512806574899,2.9585829357839,0.996974013311609,0.37310040662282,0.215359365726088,0.479138865472671,0.412669351513454,0.139060025856621
426,6001,10-19,F2-7,hliml_boundary,13,2.39253043753664,1.06123674992559,0.250048750107166,1.06123674992559,308,0.771929824561403,1.71558316459702,3.00164725414361,0.596498641266242,hliml_boundary,0.613636363636364,0.266233766233766,0.12012987012987,0.613636363636364,189,1.8686258493822,3.54151116826093,0.841732995666362,0.251908513087596,12.0042481830329,2.38552938581214,14.1632828268212,3.36627555748873,1.00743760158622
834,3602,10-19,F2-7,hliml_boundary,18,3.21940540749306,1.78057112471954,0.292417508653032,1.78057112471954,390,0.977443609022556,1.47777823294173,1.33417217561783,0.445458030194397,hliml_boundary,0.312820512820513,0.566666666666667,0.120512820512821,0.312820512820513,122,1.77126836177784,1.4180008922482,0.3448517820109,0.287330073555907,4.56255913595411,1.52336305799991,4.8492338874644,1.17931304318745,0.982602152926617
862,0302,10-19,F2-7,hliml_boundary,19,2.38993048521603,2.43862761650556,0.429966622348208,2.43862761650556,298,0.746867167919799,2.13836439849139,2.61499145320125,0.363914502127396,hliml_boundary,0.74496644295302,0.191275167785235,0.063758389261745,0.74496644295302,222,2.07032000611506,2.39595626713299,0.323948034281033,0.45395978007845,6.08184756044504,0.846378493614046,5.57242386408455,0.753426004353156,1.05580237274979
58,2843,10-19,F2-7,hliml_boundary,11,2.21169323316728,2.53333775793882,0.363525926381515,2.53333775793882,382,0.957393483709273,2.58563088140717,2.49628651495438,0.581862966243536,hliml_boundary,0.863874345549738,0.049738219895288,0.0863874345549738,0.863874345549738,330,2.58278083854569,2.52621640265222,0.522475691762642,0.422769892517332,6.86687340240642,1.60060926612667,6.94920559806509,1.43724464706903,1.16297040138381
178,2205,10-19,F2-7,hliml_boundary,12,3.00881990195456,1.49218290206998,0.166193653212426,1.49218290206998,392,0.982456140350877,1.50324670761765,1.99161434309238,0.201651802509478,hliml_boundary,0.48469387755102,0.413265306122449,0.102040816326531,0.48469387755102,190,1.5153817184384,2.284866634703,0.151694282377998,0.161855154413237,11.9836967573408,1.21335441282905,13.7482183617597,0.91275616996098,0.973894918877294
328,5807,10-19,F2-7,hliml_boundary,12,2.11152443620472,2.02924865703892,0.56554549595574,2.02924865703892,364,0.912280701754386,2.18801115675374,1.71005397820976,1.20912361331728,hliml_boundary,0.445054945054945,0.304945054945055,0.25,0.445054945054945,162,2.30516796920312,1.14644426839131,0.838883709945882,0.476549033912044,3.02372486464571,2.13797761977385,2.02714773009356,1.48331781606397,0.842636069635217
887,0710,10-19,F2-7,hliml_boundary,14,2.98694740082067,5.73440570602603,4.12493829709731,5.73440570602603,381,0.954887218045113,6.59514816297208,2.53347343660098,3.07800268257731,hliml_boundary,0.446194225721785,0.359580052493438,0.194225721784777,0.446194225721785,170,7.237775297032,2.49574706036222,3.87384532884753,1.43648839157622,0.614184565714296,0.746193630276429,0.605038640727901,0.939128066854608,0.348244819222402
804,3602,10-19,F2-7,hliml_boundary,12,2.09067705464177,1.26129642713786,0.37657167666291,1.26129642713786,338,0.847117794486216,1.65604981088305,2.62171703374591,0.557759386351723,hliml_boundary,0.520710059171598,0.21301775147929,0.266272189349112,0.520710059171598,176,1.42442147269659,2.47950507912964,0.369960456655652,0.374216971262185,6.96206644370855,1.48115065714569,6.584417344136,0.982443661016026,0.993746992812651
50,0814,nexp_NA,F<2,hliml,3,0.748355967058376,1.6063049583756,0,1.6063049583756,134,0.335839598997494,1.60866193847337,0.403828609664304,0.0763097307079888,hliml,0.574626865671642,0.574626865671642,0.111940298507463,0.313432835820896,77,1.60922959297314,0.216983233670652,0.00928394414355949,0,Inf,Inf,Inf,Inf,
90,0702,nexp_NA,F<2,hliml,3,0.242728337823112,2.49789553999944,0.42979309306116,2.49789553999944,132,0.330827067669173,2.50176980001055,1.32309670985234,0.755721317698515,hliml,0.863636363636364,0.863636363636364,0.106060606060606,0.0303030303030303,114,2.4978955400087,0.813130078419512,0.49619959738339,0.429793093062264,3.07845037813129,1.75833751146619,1.8919105298507,1.15450807701272,1.00000000000257
132,7229,nexp_NA,F<2,hliml,3,0.0235713839421621,1.61516251122349,0,1.61516251122349,110,0.275689223057644,1.6151625112235,2.2737294814071,0.0350752246285028,hliml,0.836363636363636,0.836363636363636,0.145454545454545,0.0181818181818182,92,1.6151625112235,1.23548947017201,3.20973247980305e-14,0,Inf,Inf,Inf,Inf,
659,1004,nexp_NA,F<2,hliml,3,0.0104104388737193,2.3402211746154,0.529406601581583,2.3402211746154,139,0.348370927318296,2.32912695070251,1.76327963724534,0.262800245819816,hliml,0.769784172661871,0.769784172661871,0.0647482014388489,0.165467625899281,107,2.33092228285369,0.826518198438914,0.0194468470069769,0.159979467176151,3.33067179740035,0.496405305552877,1.56121626736372,0.0367332914793283,0.302186385092701
674,9005,nexp_NA,F<2,hliml,3,0.148043852744938,2.81400717357462,0.41235525297931,2.81400717357462,141,0.353383458646617,2.88131238017322,3.1600597217874,0.347198435165069,hliml,0.297872340425532,0.297872340425532,0.156028368794326,0.546099290780142,42,2.81400717357462,,,0.412355252979313,7.66343995609523,0.84198863154167,,,1.00000000000001
222,7227,nexp_NA,F<2,hliml,3,0.0106617363057846,2.07591999079625,1.46618047756889,2.07591999079625,172,0.431077694235589,2.08472953256271,2.80143275214573,0.402705831297392,hliml,0.872093023255814,0.872093023255814,0.116279069767442,0.0116279069767442,150,2.07591999079629,2.09813279207408,0.361048185724942,1.44783037238905,1.91070116878849,0.274663206514064,1.43101945781808,0.246250847865336,0.987484415826987
894,0704,nexp_NA,F<2,hliml,3,0.0252144143581596,1.56640273391628,2.03936782274046,1.56640273391628,130,0.325814536340852,1.91161591149806,1.74683731540822,0.515820725181841,hliml,0.738461538461539,0.738461538461539,0.161538461538462,0.1,96,1.70468549433622,0.547462793953117,0.304530617123319,1.39490302229535,0.856558241200872,0.252931677861178,0.26844730403633,0.149325989028354,0.683987952904399
188,7504,nexp_NA,F<2,hliml,3,0.158732520280992,1.30708775194236,0.0510194578832572,1.30708775194236,20,0.050125313283208,1.35751597901467,,,hliml,0.75,0.75,0.15,0.1,15,1.30708775194261,,,0.0448152695117439,,,,,0.878395642977827
231,8001,nexp_NA,F<2,hliml,3,0.0291710663749007,2.20999368724998,0.445307538978039,2.20999368724998,130,0.325814536340852,2.21230412310648,1.33494907685633,0.0597189216730784,hliml,0.876923076923077,0.876923076923077,0.107692307692308,0.0153846153846154,114,2.20999368724998,0.638500122552611,0.0562934694722225,0.414628481609993,2.99781378038194,0.134107142695429,1.43384081037105,0.12641481345996,0.931105910673659
204,1201,nexp_NA,F<2,hliml,3,0.0674981807794254,3.51398623245213,5.91559087733824,3.51398623245213,157,0.393483709273183,3.77192564602123,1.88729880030887,0.322049726711687,hliml,0.872611464968153,0.872611464968153,0.00636942675159236,0.121019108280255,137,3.70127030545193,0.642966407981405,0.318519228882742,1.30276275120352,0.31903808756262,0.0544408383523296,0.108690141240922,0.0538440259793729,0.220225295869296
757,8003,20-49,F2-7,step2_weighted,32,4.9886230351693,7.22696284702366,2.3259016412208,7.22696284702366,359,0.899749373433584,3.57494953952036,2.88412407935069,3.25462978922602,step2_weighted,0.370473537604457,0.445682451253482,0.370473537604457,0.183844011142061,133,5.33704644503711,2.36896568319866,2.3502886642205,0.701657194844238,1.24000259866402,1.39929811800544,1.01851498843058,1.01048497604865,0.301671051952119
458,8430,20-49,F2-7,step2_weighted,48,2.87806832937916,4.11488833862507,0.612830028913098,4.11488833862507,395,0.989974937343358,3.37142351237586,1.8150638227196,1.22952387222459,step2_weighted,0.341772151898734,0.39746835443038,0.341772151898734,0.260759493670886,135,3.76365515396418,2.03779604572273,1.10625369462124,0.502988529497121,2.96177363556867,2.00630487119772,3.32522224692044,1.80515582205276,0.820763516417774
662,8511,20-49,F2-7,step2_weighted,37,2.67904421155174,2.46045227474355,0.0147125103665346,2.46045227474355,384,0.962406015037594,2.39368404089104,2.37163251967029,0.896284477176264,step2_weighted,0.5078125,0.122395833333333,0.5078125,0.369791666666667,195,2.44733759267505,1.40689554094892,0.51514638451875,0.17638222376057,161.198358443631,60.919887554674,95.6257977665776,35.0141730870425,11.9885879001161
620,8454,20-49,F2-7,step2_weighted,32,2.59352171578132,2.66671713081564,0.484234688241496,2.66671713081564,392,0.982456140350877,2.78930174822428,1.74502280095466,1.09209354753765,step2_weighted,0.326530612244898,0.461734693877551,0.326530612244898,0.211734693877551,128,2.5916862480029,1.43550787990565,0.723430715536505,0.523934352400158,3.60367161487693,2.25529804876971,2.96448791208808,1.49396714672312,1.08198434586095
524,4810,20-49,F2-7,step2_weighted,27,2.34971268956353,2.96921967694075,0.534905156151465,2.96921967694075,364,0.912280701754386,2.84363575586932,2.65028373233374,1.62787039488663,step2_weighted,0.315934065934066,0.576923076923077,0.315934065934066,0.107142857142857,115,3.08292067846372,2.52380530111759,0.707440191068551,0.66982839502352,4.95467972565828,3.04328791032569,4.71822952554031,1.32255257391505,1.25223768610271
792,2847,20-49,F2-7,step2_weighted,38,2.32466315929413,1.51862224474449,0.0715105646304254,1.51862224474449,390,0.977443609022556,1.50498129817069,0.798726119262573,0.137762333922923,step2_weighted,0.533333333333333,0.31025641025641,0.533333333333333,0.156410256410256,208,1.55785025382208,1.05791929552477,0.138997578423642,0.104922208958096,11.1693443254221,1.92646128071976,14.7938881617312,1.94373487528727,1.46722668881648
268,0910,20-49,F2-7,step2_weighted,49,2.9887813281441,9.22565216372599,2.53569461197002,9.22565216372599,374,0.93734335839599,6.69262952132691,3.10755797776867,4.32301858332513,step2_weighted,0.331550802139037,0.122994652406417,0.331550802139037,0.545454545454545,124,7.58837246861421,2.8195113680711,3.40567920849469,0.781289535754296,1.22552533065264,1.70486562653005,1.11192860321637,1.34309517889805,0.308116573686017
380,2828,20-49,F2-7,step2_weighted,38,2.66013475826652,1.45458406566539,4.80816261827402,1.45458406566539,232,0.581453634085213,1.68819913100641,4.00145886545769,0.914391803900897,step2_weighted,0.366379310344828,0.271551724137931,0.366379310344828,0.362068965517241,85,1.19532701894576,3.16365432357653,0.174541795082347,0.188052707804683,0.832222032226956,0.190174891428513,0.657975733090362,0.0363011422323735,0.0391111371919838
842,1804,20-49,F2-7,step2_weighted,49,2.52736340237523,2.25326391515206,0.242699069267196,2.25326391515206,326,0.817042606516291,3.1436466767636,3.11917860067333,2.524280388361,step2_weighted,0.315950920245399,0.524539877300613,0.315950920245399,0.159509202453988,103,2.34220586595023,2.2858230445729,0.755447067720832,0.854239982613094,12.8520418726423,10.4008655491873,9.4183428534551,3.11269041946401,3.51974972624485
70,8459,20-49,F2-7,step2_weighted,35,2.68917972270949,5.82713806168991,3.15387420016311,5.82713806168991,339,0.849624060150376,3.52429186636686,3.38628310394129,2.72461800638567,step2_weighted,0.286135693215339,0.457227138643068,0.286135693215339,0.256637168141593,97,4.94777265381659,3.15988930162477,3.80933057251965,1.79896710852004,1.07368997272186,0.863895587923185,1.00190721033241,1.20782578211986,0.570399132732372
604,8707,20-49,F2-7,step2_weighted,32,2.24345118086604,3.0867534277979,0.302962152005727,3.0867534277979,378,0.947368421052632,2.63307024851002,2.38646670433659,1.55477329732485,step2_weighted,0.341269841269841,0.544973544973545,0.341269841269841,0.113756613756614,129,4.58252040412665,2.66670488859773,2.42515463673693,1.12058949799562,7.87711167397397,5.13190603853204,8.80210571169735,8.00481057017011,3.69877719238816
100,6903,20-49,F2-7,step2_weighted,40,2.07025969609645,1.68490499302749,0.340976108552773,1.68490499302749,382,0.957393483709273,1.64159667760811,1.5405943929739,0.53660443509903,step2_weighted,0.442408376963351,0.301047120418848,0.442408376963351,0.256544502617801,169,1.58699607667287,1.60233913477459,0.330972630952507,0.148778915519074,4.5181886775374,1.5737303043799,4.69927098873732,0.970662233073383,0.436332375750742
170,9010,20-49,F2-7,step2_weighted,35,2.09380946251498,1.88618654023071,0.438283906593467,1.88618654023071,391,0.979949874686717,1.62926075480734,2.07285560549478,0.474480383649075,step2_weighted,0.327365728900256,0.370843989769821,0.327365728900256,0.301790281329923,128,2.40187169691603,2.57308157309909,0.983406690327739,0.483237921357614,4.72948144869364,1.08258682673736,5.87081007171401,2.24376637045883,1.10256825333503
96,8452,20-49,F2-7,step2_weighted,20,4.69311156447451,2.16808311143685,0.0112999947258048,2.16808311143685,344,0.862155388471178,2.53200678344922,2.52988297350424,0.911660871959026,step2_weighted,0.284883720930233,0.328488372093023,0.284883720930233,0.386627906976744,98,2.61968359522123,2.77685932398437,0.775522112435328,0.613374131853282,223.883553478744,80.6779909265929,245.739877881811,68.6303074694662,54.2809219594214
300,5305,20-49,F2-7,step2_weighted,21,2.12069854482062,1.41750519769246,1.17725280318887,1.41750519769246,378,0.947368421052632,1.98622771039997,2.84181589048815,1.16496650191427,step2_weighted,0.433862433862434,0.227513227513228,0.433862433862434,0.338624338624339,164,3.64058568198564,3.37883964706225,2.95672023440407,1.26904989157104,2.41393852092805,0.989563582909869,2.87010541653402,2.51154231817931,1.07797568044307
410,7223,20-49,F2-7,step2_weighted,46,4.49519889779402,5.22555384990559,0.662620922509837,5.22555384990559,382,0.957393483709273,3.76643540715784,2.40540109485558,1.252334909475,step2_weighted,0.157068062827225,0.50261780104712,0.157068062827225,0.340314136125655,60,10,2.37577239210646,0,0.9225153853964,3.6301315173456,1.88997187823692,3.58541710863528,0,1.39222193875519
780,1212,20-49,F2-7,step2_weighted,24,2.01934860827108,3.29608277200324,0.131659885167665,3.29608277200324,354,0.887218045112782,2.05620328552219,3.00381610223837,1.10700209855802,step2_weighted,0.23728813559322,0.429378531073446,0.23728813559322,0.333333333333333,84,3.98688179966224,3.11349742222373,3.03867940201549,0.401948515467234,22.8149682677688,8.40804393189533,23.6480338582916,23.0797664614838,3.0529307765639
242,9507,20-49,F2-7,step2_weighted,28,5.23352510885142,4.07366000457565,0.530186970383938,4.07366000457565,372,0.932330827067669,3.29468445448628,3.01724907032113,2.37583540101274,step2_weighted,0.233870967741935,0.612903225806452,0.233870967741935,0.153225806451613,87,4.0466110691482,2.62471123250894,1.01256279397086,0.627829320750599,5.6909151655239,4.48112747714691,4.95053892140773,1.9098221015081,1.18416588075703
499,8209,20-49,F2-7,step2_weighted,20,2.61928995186767,5.3182711413363,5.32127508106867,5.3182711413363,324,0.81203007518797,2.80544083583795,3.74447372006914,2.35485018890612,step2_weighted,0.265432098765432,0.305555555555556,0.265432098765432,0.429012345679012,86,3.76511099057413,3.15921592128292,2.9244818046557,1.62232013396864,0.703679787837081,0.44253494755118,0.59369528414766,0.549582902612955,0.304874322272929
52,4909,20-49,F2-7,step2_weighted,32,2.04372197844271,1.27493665119558,1.49646841113751,1.27493665119558,346,0.867167919799499,2.76277007176181,2.40576171289904,1.36143526099196,step2_weighted,0.147398843930636,0.531791907514451,0.147398843930636,0.320809248554913,51,2.08104504904093,1.39033605500622,1.00481214942203,0.880774401357525,1.60762612494463,0.909765452353985,0.929078117959994,0.67145563644624,0.588568655911703
36,4707,20-49,F2-7,step2_weighted,42,2.24143481627344,7.30160783332356,2.41755806363465,7.30160783332356,383,0.959899749373434,2.82076355727956,3.03717236481805,2.22732339861034,step2_weighted,0.308093994778068,0.295039164490862,0.308093994778068,0.396866840731071,118,6.51290013569412,2.59067968660284,3.69542605955248,1.11713575983164,1.25629758825807,0.921311232236426,1.07161011996871,1.52857799576348,0.462092628357433
788,9003,20-49,F2-7,step2_weighted,39,2.49736473470595,1.73838269318169,0.128617177777463,1.73838269318169,387,0.969924812030075,1.65539108507616,0.895476674008028,0.51937571921693,step2_weighted,0.116279069767442,0.873385012919897,0.116279069767442,0.0103359173126615,45,1.74256280798789,,,0.230807944645924,6.96234118554058,4.03815204307753,,,1.79453435874074
76,8475,20-49,F2-7,step2_weighted,39,5.16538263833731,5.76048178558775,0.888185159874447,5.76048178558775,366,0.917293233082707,4.16860057873955,2.76054618447278,2.25350370422863,step2_weighted,0.404371584699454,0.390710382513661,0.404371584699454,0.204918032786885,148,5.02295729550857,2.60321876160198,2.5600770737918,1.08150965378657,3.10807510549153,2.53720035645178,2.93094151896206,2.88236866528337,1.21766237789815
418,4503,nexp_NA,F<2,step2_weighted,3,0.00761495609170027,8.86848978950645,4.4302375662962,8.86848978950645,115,0.288220551378446,3.59906549013778,3.41934463536673,3.7828945811262,step2_weighted,0.495652173913044,0.182608695652174,0.495652173913044,0.321739130434783,57,8.05970944538997,3.00222754924996,1.19909773822548,2.51286411396528,0.771819701358677,0.853880751205132,0.67766739465394,0.27066217562413,0.567207531506284
728,6815,nexp_NA,F<2,step2_weighted,3,0.356640957205495,2.45725462700813,2.34433107457487,2.45725462700813,111,0.278195488721805,2.07511852940054,2.4853119569774,0.56655497831302,step2_weighted,0.477477477477478,0.0540540540540541,0.477477477477478,0.468468468468469,53,2.81441418225316,2.76693848601724,1.09607973491932,4.07910626045066,1.06013693369999,0.241670207957194,1.18026780262639,0.467544770790571,1.73998728451372
776,6905,nexp_NA,F<2,step2_weighted,3,0.113886989975766,4.58930891137579,1.87646465219605,4.58930891137579,114,0.285714285714286,4.2379605849128,2.41329054991499,1.50478463748636,step2_weighted,0.701754385964912,0.280701754385965,0.701754385964912,0.0175438596491228,80,4.58930891137571,2.32324041548056,1.17233508775173,1.43848088326623,1.28608367180841,0.801925384379232,1.23809442014356,0.624757352279314,0.766590983519329
740,2940,nexp_NA,F<2,step2_weighted,3,0.0952456065320716,3.11609560394922,1.3725716495018,3.11609560394922,110,0.275689223057644,2.56002064355666,2.19149883191753,0.502759306334288,step2_weighted,0.6,0.109090909090909,0.6,0.290909090909091,66,2.57863634093408,0.418959961742128,0.530358939266058,0.475425499436038,1.59663711013772,0.36629002683887,0.305237225243721,0.386397999301938,0.346375724435662
768,8454,nexp_NA,F<2,step2_weighted,3,0.16279463741687,3.94310190071653,1.58618342464011,3.94310190071653,141,0.353383458646617,4.39516624221618,3.49238556535862,4.76522348768222,step2_weighted,0.446808510638298,0.177304964539007,0.446808510638298,0.375886524822695,63,3.94310190071653,0.917215762666551,0.73236021016003,1.58618342464011,2.20175391515707,3.0042070883217,0.578253276650307,0.461712182073895,0.999999999999999
72,2205,nexp_NA,F<2,step2_weighted,3,0.0286592467076086,1.95942899046004,0.211777079604541,1.95942899046004,116,0.290726817042607,1.95942899046004,0.231183306458959,0.0714604670168375,step2_weighted,0.732758620689655,0.258620689655172,0.732758620689655,0.00862068965517241,85,1.95942899046004,0.0891773810183225,0.0438876929144128,0.211777079604541,1.09163516132462,0.337432488682336,0.421090805411268,0.207235329698406,1
148,2903,nexp_NA,F<2,step2_weighted,3,0.813943646339378,5.99789179767018,4.08441366379521,5.99789179767018,99,0.24812030075188,6.31500118239868,1.78742227392454,0.470146373798968,step2_weighted,0.404040404040404,0.0202020202020202,0.404040404040404,0.575757575757576,40,5.99789179767029,,,4.08441366379496,0.437620285567177,0.115107433403822,,,0.99999999999994
674,3606,nexp_NA,F<2,step2_weighted,3,5.31796427694076e-06,2.047601833582,0.0427987671809125,2.047601833582,218,0.546365914786967,1.41665358638591,2.39236152731788,0.386731096125972,step2_weighted,0.211009174311927,0.591743119266055,0.211009174311927,0.197247706422018,46,2.047601833582,,,0.0427987671809117,55.897907460868,9.03603354954689,,,0.999999999999982
694,8403,nexp_NA,F<2,step2_weighted,3,0.000631961791379067,3.21658055038904,0.122353472954784,3.21658055038904,75,0.18796992481203,3.21658055038904,1.3934107569108,0.0434026472980609,step2_weighted,0.84,0.106666666666667,0.84,0.0533333333333333,63,3.21658055038904,0.871419977776535,0.0434026472980444,0.122353472954784,11.3884038046533,0.354731633274525,7.12215155591515,0.354731633274391,1.00000000000001
882,8307,nexp_NA,F<2,step2_weighted,3,0.00746534016469841,2.95822009152011,0.602882096026976,2.95822009152011,167,0.418546365914787,3.0785475020049,2.40334341322694,0.463369830342089,step2_weighted,0.832335329341317,0.149700598802395,0.832335329341317,0.0179640718562874,139,2.96904437915013,2.33373534794138,0.354838059289076,0.602882096026976,3.98642359603163,0.768591128175343,3.87096475964507,0.588569575423581,1
404,7326,50+,F<2,hliml,95,1.82114190878277,1.86339736402529,0.22210028203699,1.86339736402529,397,0.994987468671679,1.91371021633505,0.5390571501882,0.223679306145601,hliml,0.904282115869018,0.904282115869018,0.0931989924433249,0.00251889168765743,359,1.89980550535738,0.278950059870577,0.202408134213389,0.210605053675119,2.42708899441389,1.00710950969593,1.25596445584035,0.911336682497674,0.948243071749197
842,2818,50+,F<2,hliml,65,0.715510525876536,1.54275131530653,0.46762007792251,1.54275131530653,353,0.884711779448622,1.58950798958674,2.5918623698638,0.651081114391027,hliml,0.484419263456091,0.484419263456091,0.181303116147309,0.334277620396601,171,1.32723430900608,0.357491257124109,0.257947942492197,0.217662593642468,5.54266699021701,1.39232925430315,0.764490820651524,0.551618620907339,0.465468879372065
124,8209,50+,F<2,hliml,69,1.80643633608055,1.09942717619923,0.123412944933073,1.09942717619923,367,0.919799498746867,1.46886536875313,2.50784286420057,0.489609986325399,hliml,0.520435967302452,0.520435967302452,0.44141689373297,0.0381471389645777,191,1.31021535014202,1.87689377144646,0.412978747987215,0.33727826244189,20.3207440318403,3.9672498423153,15.2082406952067,3.34631628968238,2.73292451310353
508,4202,50+,F<2,hliml,81,1.40041838897853,2.02210585639006,0.564338880035159,2.02210585639006,390,0.977443609022556,1.99829490621867,1.61944714907994,0.757793010090738,hliml,0.687179487179487,0.687179487179487,0.128205128205128,0.184615384615385,268,1.83915656738858,0.677144017100463,0.607108392305098,0.445252356190103,2.86963596940024,1.34279780624636,1.19988900473821,1.07578693190034,0.788980472446562
858,9032,50+,F<2,hliml,71,1.81074943089496,1.1345386789356,0.214759279969663,1.1345386789356,319,0.799498746867168,1.55921560051196,2.63278886756161,0.645850966859472,hliml,0.617554858934169,0.617554858934169,0.278996865203762,0.103448275862069,197,1.30005006562597,0.557603303907847,0.291310938086038,0.192184104020652,12.2592554227856,3.00732507089196,2.59641075341012,1.3564533189308,0.8948814879981
380,7408,50+,F<2,hliml,66,1.460044875757,1.13410863032429,0.0823915203795304,1.13410863032429,382,0.957393483709273,1.20043093323312,3.40295276322891,0.123397099208542,hliml,0.735602094240838,0.735602094240838,0.219895287958115,0.0445026178010471,281,1.17659362604493,0.264447763527848,0.069291018413466,0.077434762835055,41.3022207571054,1.49769173623842,3.20964781702885,0.840996962967574,0.939838984380402
442,4823,50+,F<2,hliml,61,1.06609408819966,1.45500231197477,0.48567646484818,1.45500231197477,360,0.902255639097744,1.91015974504565,2.40684816626134,0.856960734204194,hliml,0.608333333333333,0.608333333333333,0.233333333333333,0.158333333333333,219,1.7664229395667,0.791888796635574,0.56797415642443,0.321416462109739,4.95566151638358,1.76446831631439,1.63048624743041,1.1694496182803,0.661791306297315
188,3922,50+,F<2,hliml,54,1.87762277696942,1.1140033621135,0.676933370808942,1.1140033621135,286,0.716791979949875,1.79975869014289,3.47658780952294,1.03146094285883,hliml,0.695804195804196,0.695804195804196,0.122377622377622,0.181818181818182,199,1.50575636012711,1.62026655099111,0.563981107891468,0.541610557818019,5.13579025564714,1.52372594901951,2.39353918843575,0.833141239908892,0.80009433893145
360,3910,50+,F<2,hliml,52,1.78548138133314,2.32594959762177,0.595421848803552,2.32594959762177,396,0.992481203007519,1.89113978339955,1.04368686718096,0.317883157360839,hliml,0.767676767676768,0.767676767676768,0.116161616161616,0.116161616161616,304,1.89238250350629,0.85624730656112,0.290898619422751,0.227356873638,1.75285282069874,0.533878892754099,1.43805153989843,0.488558859583817,0.381841670900813
112,4820,50+,F<2,hliml,56,1.72822373564964,3.59756105831885,0.87113094130531,3.59756105831885,390,0.977443609022556,3.1992213452562,1.66037470138072,0.854734794510864,hliml,0.497435897435897,0.497435897435897,0.153846153846154,0.348717948717949,194,2.9861382956133,0.848560770407931,0.776543543961574,0.421298304646134,1.90599899814464,0.981178321171927,0.974090954841347,0.89142000030213,0.483622248585106
642,8430,50+,F<2,hliml,50,1.30595272390142,1.14093750915291,0.298817748416178,1.14093750915291,303,0.759398496240602,1.77944206953469,2.6233902534795,0.999416606287751,hliml,0.63036303630363,0.63036303630363,0.184818481848185,0.184818481848185,191,1.50818254054477,1.25688653444766,0.508021119949147,0.388196066283266,8.77923171359212,3.34456909465704,4.20619772791117,1.7001035669461,1.29910645649671
56,7409,50+,F<2,hliml,50,1.91821217229033,1.87973660146272,0.324377375439778,1.87973660146272,399,1,2.03860751167163,0.405371042810385,0.328006687221234,hliml,0.917293233082707,0.917293233082707,0.0426065162907268,0.0401002506265664,366,2.02360085724187,0.364354117342944,0.31242588139678,0.243853472566661,1.24968963159283,1.01118854783425,1.12324146173563,0.963155586832175,0.751758572052241
152,9017,50+,F<2,hliml,61,1.87184031750721,1.1298199969556,2.55837171428007,1.1298199969556,306,0.766917293233083,1.48991090268016,3.08222479486261,0.563245321978362,hliml,0.669934640522876,0.669934640522876,0.23202614379085,0.0980392156862745,205,1.30909969658968,0.394530448035169,0.256636511071452,0.199561601277515,1.20476034723905,0.220157735029079,0.154211542377919,0.100312440775898,0.0780033644695262
643,5801,50+,F<2,hliml,64,1.97582484408307,2.41987969394544,0.405488533926579,2.41987969394544,392,0.982456140350877,2.39634686363107,1.87344267070194,1.67202548555821,hliml,0.446428571428571,0.446428571428571,0.153061224489796,0.400510204081633,175,1.79631736796518,1.13982360329796,0.624190082738596,0.321375035155336,4.62021121179509,4.1234840091951,2.81098849395418,1.53935322583404,0.792562571482049
100,5911,50+,F<2,hliml,56,1.83755624923036,1.20088063285915,0.147721280158235,1.20088063285915,360,0.902255639097744,2.27475227920591,2.48754814629934,1.11662186606731,hliml,0.561111111111111,0.561111111111111,0.186111111111111,0.252777777777778,202,2.02310249298763,1.13677805728824,0.78579380582263,0.390807925110916,16.8394705463881,7.55897772393536,7.69542516874047,5.31943539198219,2.64557634954351
484,8474,50+,F<2,hliml,77,1.3814630319326,1.01135050130809,0.13738240324082,1.01135050130809,377,0.944862155388471,1.6465643721365,3.41554818955453,0.81253038641324,hliml,0.557029177718833,0.557029177718833,0.368700265251989,0.0742705570291777,210,1.46561183066509,0.789085388533936,0.57886893292757,0.264970888842676,24.8616133433577,5.91437016128579,5.74371513323095,4.21355951906636,1.92871053782779
180,9401,50+,F<2,hliml,60,1.59587587163181,2.69759131352174,1.29817987172084,2.69759131352174,388,0.972431077694235,2.9244824074528,1.66430875048524,1.66323107698926,hliml,0.469072164948454,0.469072164948454,0.211340206185567,0.319587628865979,182,2.54892558513156,1.32097170529059,1.43668188544393,0.693992893935094,1.28203247234073,1.28120233044787,1.01755676086668,1.10668938622465,0.534589165224963
152,3402,50+,F<2,hliml,70,1.97775113776191,1.69539217702652,1.16617037051643,1.69539217702652,399,1,1.93718962519247,0.720233628501613,0.689185831596797,hliml,0.736842105263158,0.736842105263158,0.142857142857143,0.120300751879699,294,2.01057076425757,0.637863017660815,0.651628391436339,0.305909151570678,0.617605837629594,0.590982114638701,0.546972409681737,0.558776322835034,0.262319434025072
414,6110,50+,F<2,hliml,120,1.50217950425518,1.04605635061846,0.165825253316746,1.04605635061846,378,0.947368421052632,1.57452434896413,2.79782354624323,0.80506756504543,hliml,0.534391534391534,0.534391534391534,0.166666666666667,0.298941798941799,202,1.28389851102294,0.78682210689696,0.360643224439352,0.243309685866296,16.8721198387019,4.85491533371975,4.74488710952872,2.1748389779359,1.46726557626025
586,7204,50+,F<2,hliml,159,1.76033001860459,1.81613542801041,0.755042499279101,1.81613542801041,315,0.789473684210526,2.47816139968943,3.54665000933179,1.82304222077574,hliml,0.66031746031746,0.66031746031746,0.142857142857143,0.196825396825397,208,1.89856657139331,1.8154195486438,0.855380475392713,0.719518550267749,4.69728526899884,2.41448954531214,2.40439385912332,1.1328905011432,0.952951060310817
528,9305,50+,F<2,hliml,51,1.37253643041992,6.03245239000315,17.6816231448878,6.03245239000315,343,0.859649122807018,2.00702497794244,3.51455797958696,1.17881363919146,hliml,0.661807580174927,0.661807580174927,0.0903790087463557,0.247813411078717,227,1.59007777728933,1.83048075844331,0.606570348884641,0.440842728892381,0.19876896768966,0.0666688589351751,0.103524475295275,0.0343051282065139,0.024932254537946
528,6809,50+,F<2,hliml,67,1.62722439884474,1.51018175894156,0.134719928520576,1.51018175894156,397,0.994987468671679,1.54756736916448,1.05123953057355,0.308894488839834,hliml,0.748110831234257,0.748110831234257,0.115869017632242,0.136020151133501,297,1.54367747615187,0.377094406233198,0.239409950003545,0.159689211574988,7.80314792412459,2.29286410876216,2.79909891858058,1.77709380217626,1.18534216376605
430,4016,50+,F<2,hliml,60,1.74220843377743,1.3861031154445,0.590174617466262,1.3861031154445,367,0.919799498746867,2.36365669060083,2.72969324929508,1.37453982726533,hliml,0.490463215258856,0.490463215258856,0.188010899182561,0.321525885558583,180,1.66602472174112,0.755512741937853,0.621231646376139,0.472228469701359,4.62522983623762,2.32903921413379,1.28015119521985,1.05262345751705,0.800150422816777
642,6002,50+,F<2,hliml,70,1.88001633399119,5.7859222288318,1.33813056049224,5.7859222288318,399,1,5.39323371638758,1.51150056750652,1.25326742327271,hliml,0.634085213032582,0.634085213032582,0.197994987468672,0.167919799498747,253,5.15214577317806,1.46397946930122,1.06636760089128,1.00932678301206,1.12956135382673,0.936580824229658,1.09404830330061,0.796908487389312,0.754281243409298
422,2009,50+,F<2,hliml,59,1.66002207185198,3.33732459677613,3.93420689070482,3.33732459677613,382,0.957393483709273,2.86564537900783,2.62913457259956,2.00498869822022,hliml,0.659685863874346,0.659685863874346,0.172774869109948,0.167539267015707,252,2.90661672554819,2.05904011573192,2.00062204962394,0.720705801039377,0.668275625974655,0.509629705279943,0.523368539818464,0.508519786885311,0.183189603663742
112,9025,50+,F<2,hliml,62,1.76422889680651,3.19509602339708,2.82003033292352,3.19509602339708,315,0.789473684210526,3.41292406995839,3.23983021369931,2.73043991272397,hliml,0.66984126984127,0.66984126984127,0.114285714285714,0.215873015873016,211,2.75107550712587,2.11083631623847,2.00062543119977,1.23265620967927,1.14886360471896,0.968230689168982,0.748515465097911,0.70943401134474,0.437107429408881
699,8470,50+,F<2,hliml,53,1.11437790778059,1.07982406127568,0.1418694060775,1.07982406127568,320,0.802005012531328,1.28437540748682,2.37063467397985,0.278379347339157,hliml,0.64375,0.64375,0.26875,0.0875,206,1.18269380005206,0.649804371377819,0.171644858791455,0.209111206671941,16.7099781378152,1.96222254703092,4.58029951167093,1.20987930757735,1.47396970533384
156,9006,50+,F<2,hliml,69,1.65301016653418,1.20869190457531,0.336101489717232,1.20869190457531,297,0.744360902255639,1.33381187974204,1.95079361399125,0.342999149732679,hliml,0.808080808080808,0.808080808080808,0.107744107744108,0.0841750841750842,240,1.26023133586165,0.446984436341242,0.25412105878327,0.246709022667262,5.80418020649801,1.02052255115338,1.32990911976409,0.756084297624109,0.734031327486299
270,1902,50+,F<2,hliml,52,1.51868632341101,1.44749663118455,1.26178426885559,1.44749663118455,302,0.756892230576441,2.45181170086364,3.13551669253507,1.51827368696546,hliml,0.450331125827815,0.450331125827815,0.208609271523179,0.341059602649007,136,2.11224081035151,2.08296586531013,1.16494819500611,1.58602298194411,2.48498635616919,1.20327517503645,1.65080982282283,0.92325465117955,1.25696842248841
31,6115,50+,F<2,hliml,63,1.51390995081603,1.24396134456805,0.175431641170907,1.24396134456805,357,0.894736842105263,1.4779757046397,1.70397621755189,0.366744463492623,hliml,0.717086834733894,0.717086834733894,0.165266106442577,0.117647058823529,256,1.39616139491196,0.693264775060605,0.270273174224663,0.193345646295173,9.71304951705866,2.09052632150512,3.95176588689163,1.54061817138996,1.10211387754626
140,7606,10-19,F>=7,hliml,14,11.5510795594613,6.23337808293049,0.86694370900869,6.23337808293049,311,0.779448621553885,4.95627576006349,2.69262228175061,2.16568781244265,hliml,0.713826366559486,0.713826366559486,0.122186495176849,0.163987138263666,222,4.4123700249958,1.88187991319853,1.47465975122166,1.02178062545822,3.10587902509784,2.49807200852638,2.17070600275809,1.70098673754478,1.17860088820136
780,7613,10-19,F>=7,hliml,10,7.50287509744754,1.98689796132777,1.48267594220065,1.98689796132777,270,0.676691729323308,2.04010724050336,2.51127379090071,0.961551690980489,hliml,0.481481481481482,0.481481481481482,0.140740740740741,0.377777777777778,130,1.93565040465852,0.935702092159939,0.785677055428269,0.267905162448972,1.69374420898297,0.648524511400188,0.631090088890989,0.529904770871331,0.180690301112822
686,2714,10-19,F>=7,hliml,12,25.8341705833935,4.30228055668617,8.20530777597262,4.30228055668617,320,0.802005012531328,6.21125337347889,2.7153277231143,4.19434554531849,hliml,0.7,0.7,0.134375,0.165625,224,3.37132580880201,2.16820445499306,2.70019828477239,0.265768650263081,0.330923323932531,0.511174676177374,0.26424413491742,0.329079463987848,0.0323898453926767
600,0804,10-19,F>=7,hliml,14,8.31157426569145,1.59058471573945,0.0765623742382573,1.59058471573945,345,0.864661654135338,1.6793647569266,1.35785637929897,0.280534919594258,hliml,0.744927536231884,0.744927536231884,0.0405797101449275,0.214492753623188,257,1.66207517383039,0.680087249599187,0.20957044742261,0.0842612394855916,17.7352961269645,3.66413558076518,8.88278683054941,2.73725115642888,1.10055677248691
48,5803,10-19,F>=7,hliml,13,42.7422150782462,2.4011029048447,0.0299516879568416,2.4011029048447,294,0.736842105263158,2.4121010744955,1.92476502002814,0.36977291092109,hliml,0.806122448979592,0.806122448979592,0.102040816326531,0.0918367346938776,237,2.40169613267805,1.19360291015405,0.327906310281836,0.218436611467098,64.262322136956,12.345645142067,39.8509396823963,10.9478407612395,7.29296498353784
600,8444,10-19,F>=7,hliml,18,12.9037439477042,1.6774781675793,0.187013050145943,1.6774781675793,335,0.839598997493734,1.72114430745262,2.8584524613307,0.257149628106179,hliml,0.57910447761194,0.57910447761194,0.226865671641791,0.194029850746269,194,1.70392984695524,1.71410512257292,0.283453359801398,0.0234721733041159,15.284775362468,1.3750357416528,9.16569790843611,1.51568759281876,0.12551088432491
136,8211,10-19,F>=7,hliml,14,14.8038821586364,6.02249978496822,0.548116412151355,6.02249978496822,318,0.796992481203008,5.65219912554954,2.57534459098686,1.89539915860608,hliml,0.59433962264151,0.59433962264151,0.135220125786164,0.270440251572327,189,5.79017406279074,1.83761457231131,1.2007018244237,0.54204123151643,4.69853581081186,3.45802299764505,3.35259906759346,2.19059637296929,0.988916258480419
262,3003,10-19,F>=7,hliml,17,22.6249009598702,2.22088622214237,0.747438521459398,2.22088622214237,300,0.75187969924812,2.53571027036709,3.08690092605497,1.75794119187513,hliml,0.526666666666667,0.526666666666667,0.14,0.333333333333333,158,2.28694859350931,1.85031269957826,0.967046203224959,0.595895401237255,4.12997301775094,2.35195422955014,2.47553831713873,1.29381370569016,0.797250053521124
748,2832,10-19,F>=7,hliml,10,24.8970969021481,5.03922753077053,0.14939699962182,5.03922753077053,386,0.967418546365915,5.00801466541496,1.79888902492036,0.604539227274711,hliml,0.756476683937824,0.756476683937824,0.0595854922279793,0.183937823834197,292,4.99132910999076,1.33041463631442,0.20070719951578,0.176366753441187,12.0409983431663,4.04652857021912,8.90522995563627,1.34344866378739,1.18052406599622
58,3914,10-19,F>=7,hliml,12,9.46253914040773,1.74121260909748,0.00426221880036424,1.74121260909748,346,0.867167919799499,1.73618949171176,2.02742808381154,0.143196663872728,hliml,0.742774566473988,0.742774566473988,0.101156069364162,0.15606936416185,257,1.73669092999534,1.02849520050242,0.136914929153521,0.00697996144366372,475.67433272977,33.5967416455698,241.305115639425,32.1229236616903,1.63763564720498
688,4502,4-9,F2-7,hliml_boundary,9,4.9754953279633,3.01811534940788,3.21994738309471,3.01811534940788,135,0.338345864661654,3.02072359941131,1.9646123090995,1.51681296363139,hliml_boundary,0.422222222222222,0.437037037037037,0.140740740740741,0.422222222222222,57,2.90790927519935,1.44946340718763,1.14875386271401,2.36833707201566,0.6101380163583,0.471067624146569,0.450151271041746,0.35676168770495,0.735520426342943
533,3404,4-9,F2-7,hliml_boundary,8,2.06933144692781,4.89065191874633,0.637315914303636,4.89065191874633,368,0.922305764411028,2.05098247089377,2.92540455546968,1.32037065748225,hliml_boundary,0.630434782608696,0.233695652173913,0.135869565217391,0.630434782608696,232,2.75003507888662,2.96324977362283,2.33804561548158,0.505137071681085,4.59019536436043,2.07176790638432,4.64957755975798,3.66858188067726,0.792600750026811
776,5608,4-9,F2-7,hliml_boundary,9,2.20010361002871,4.33614438659292,0.554041501667729,4.33614438659292,329,0.824561403508772,4.39319105036452,1.73553472257717,0.720972272487279,hliml_boundary,0.689969604863222,0.13677811550152,0.173252279635258,0.689969604863222,227,4.49925382458135,1.50781607426443,0.515724891437579,0.914490330086141,3.13249949210123,1.30129650994929,2.72148579073179,0.930841624472513,1.65058091737428
32,9112,4-9,F2-7,hliml_boundary,8,4.99548911178168,2.77752884609406,1.55048579853225,2.77752884609406,284,0.711779448621554,4.24118766581558,3.52046259192023,3.20853759884958,hliml_boundary,0.672535211267606,0.119718309859155,0.207746478873239,0.672535211267606,191,10,3.59900223298744,2.63362665009481e-15,1.38920985742048,2.27055455474203,2.0693756768923,2.32120941474884,1.698581601062e-15,0.895983606386826
780,2810,4-9,F2-7,hliml_boundary,9,2.46646013723081,2.92456796941858,0.202445578881869,2.92456796941858,371,0.929824561403509,2.97371347633646,2.47116424815375,0.596923767101325,hliml_boundary,0.579514824797844,0.315363881401617,0.105121293800539,0.579514824797844,215,2.94613231435923,2.54547136326779,0.292639772391271,0.281921694230896,12.2065607053623,2.94856410497185,12.5736080645808,1.44552315742115,1.3925801481464
8,2926,4-9,F2-7,hliml_boundary,8,3.15128580788483,2.27300741016902,0.472734330116578,2.27300741016902,292,0.731829573934837,2.41987620460971,2.06429350127488,0.935066467021123,hliml_boundary,0.60958904109589,0.181506849315068,0.208904109589041,0.60958904109589,178,2.36189196199991,2.04084214202008,0.963695849239036,0.539652405312538,4.36670952322379,1.97799568901741,4.31710161924733,2.03855693958462,1.14155535346768
398,7206,4-9,F2-7,hliml_boundary,7,3.06295828972574,1.02271242789591,0.41237048712132,1.02271242789591,177,0.443609022556391,2.74325504603613,3.21551713172875,1.01147221251424,hliml_boundary,0.491525423728814,0.361581920903955,0.146892655367232,0.491525423728814,87,4.947786881186,3.83346560440612,5.81931541312309,1.19812482940927,7.79764127684223,2.45282396316752,9.29616867387095,14.1118620145361,2.90545726919779
52,8607,4-9,F2-7,hliml_boundary,6,3.18959586941425,1.46902272209128,0.149673858775425,1.46902272209128,147,0.368421052631579,1.4067142258154,1.83278782978951,0.213944176103252,hliml_boundary,0.639455782312925,0.340136054421769,0.0204081632653061,0.639455782312925,94,1.45752288593949,2.11321527986017,0.125395870460105,0.16894827289928,12.245209983792,1.42940242106178,14.1188000172488,0.837794064281145,1.12877608876761
8,3704,4-9,F2-7,hliml_boundary,7,2.80054793175653,2.35492496677306,0.129474173554019,2.35492496677306,118,0.295739348370927,2.24915996859411,0.628333419106302,0.586761026106937,hliml_boundary,0.73728813559322,0.14406779661017,0.11864406779661,0.73728813559322,87,2.29895860779607,0.619297626176774,0.457835571293414,0.16058207356974,4.85296335059555,4.53187697592933,4.78317496978184,3.53611503148461,1.240263360343
218,1201,4-9,F2-7,hliml_boundary,4,5.71759195578155,4.29756570780857,1.67500222739166,4.29756570780857,149,0.3734335839599,1.90743105591046,1.45797100164378,0.659253022323617,hliml_boundary,0.456375838926175,0.469798657718121,0.0738255033557047,0.456375838926175,68,4.29706174384683,0.795708029667075,0.442856404143129,0.900148006147233,0.870429291257817,0.393583370542867,0.475048938237035,0.264391531486351,0.537401080086299
764,7012,4-9,F2-7,hliml,8,2.15133691620979,1.20877893775297,0.0988087366657684,1.20877893775297,314,0.786967418546366,1.22015162332373,1.50564600227305,0.142356270809378,hliml,0.582802547770701,0.582802547770701,0.251592356687898,0.165605095541401,183,1.19135257978137,0.74701242053457,0.10293176531217,0.125567113371654,15.2379845454969,1.44072554323727,7.56018592830938,1.04172736931501,1.2708098252121
678,9009,4-9,F2-7,hliml,6,5.36111135318678,2.06058816222076,0.121528488307989,2.06058816222076,294,0.736842105263158,2.09637633275712,2.13658488849161,0.247608728118054,hliml,0.724489795918367,0.724489795918367,0.0442176870748299,0.231292517006803,213,2.06426322716629,0.986399501929775,0.153412523812359,0.128503893064339,17.5809385785897,2.03745419337842,8.11661130376234,1.26235852966069,1.05739728069909
760,5609,4-9,F2-7,hliml,5,2.22791552982025,1.68577314449537,0,1.68577314449537,285,0.714285714285714,1.7717884819842,2.32752848547274,0.631687268533971,hliml,0.431578947368421,0.431578947368421,0.0701754385964912,0.498245614035088,123,1.70072495988049,1.73172854957624,0.506438432249317,0,Inf,Inf,Inf,Inf,
398,5303,4-9,F2-7,hliml,9,2.6019351269141,3.40155489781525,0.652852439332203,3.40155489781525,236,0.591478696741855,3.44876393352572,1.41904883426562,0.610894448172297,hliml,0.932203389830508,0.932203389830508,0.00847457627118644,0.0593220338983051,220,3.44240847556257,0.837150768764024,0.533143390654765,0.658127839140375,2.17361343662459,0.935731279180293,1.28229706795664,0.816636897612136,1.00808053932305
600,6908,4-9,F2-7,hliml,9,2.52001641032687,1.2623226004111,0.189262585340442,1.2623226004111,371,0.929824561403509,1.5429423795866,2.05013644434126,0.497588395250684,hliml,0.560646900269542,0.560646900269542,0.307277628032345,0.132075471698113,208,1.33758744330418,1.07498610960154,0.189574831909004,0.220987760522975,10.8322331149261,2.62909013081287,5.67986592631541,1.00164980610405,1.16762518130811
600,5501,4-9,F2-7,hliml,5,2.423678118191,1.4133621242319,0.0808860695859905,1.4133621242319,280,0.701754385964912,1.42431292528137,1.22505956790131,0.0949067685313288,hliml,0.407142857142857,0.407142857142857,0.0464285714285714,0.546428571428571,114,1.36986320679228,0.246267997758955,0.12578153193663,0.104259533672791,15.1454950669712,1.17333885818785,3.04462806784234,1.55504566584127,1.28896773210067
446,4906,4-9,F2-7,hliml,5,2.0339720782722,1.640625363232,0.0965515841392531,1.640625363232,176,0.441102756892231,1.5643202463605,3.04130962280504,0.113432784338941,hliml,0.556818181818182,0.556818181818182,0.0568181818181818,0.386363636363636,98,1.5600709560301,0.834173248360182,0.0719133783422136,0.0227096919362494,31.4993239097834,1.17484125558562,8.63966402826785,0.744818212806279,0.235207864673624
842,2612,4-9,F2-7,hliml,5,2.85557470856494,1.66159326595778,0.175087713030641,1.66159326595778,338,0.847117794486216,1.66024209955329,3.29282581813758,0.235482067796925,hliml,0.671597633136095,0.671597633136095,0.13905325443787,0.189349112426036,227,1.65131032525679,2.61349371892437,0.188428331456886,0.156446636381458,18.8067212778164,1.34493770991066,14.9267682676682,1.07619391558282,0.893532925146376
180,2810,4-9,F2-7,hliml,9,3.1970801584712,6.73967328068103,3.03762512611994,6.73967328068103,341,0.854636591478697,5.58011717556712,2.68100616294343,3.10567692497994,hliml,0.478005865102639,0.478005865102639,0.243401759530792,0.278592375366569,163,4.59310732064945,1.62182356957992,1.2431800210965,1.1477014039058,0.882599416198523,1.02240296153559,0.533911691615326,0.409260514211131,0.377828519403839
646,2825,4-9,F2-7,hliml,7,2.0942118843459,6.05886958965342,4.89319281109101,6.05886958965342,272,0.681704260651629,2.6102696787341,3.34179242976911,1.97477821567247,hliml,0.294117647058824,0.294117647058824,0.386029411764706,0.319852941176471,80,4.68967132538722,2.53329558428163,3.90724233147845,1.18645846260951,0.682947220513065,0.403576619992655,0.517718324636546,0.798505696040062,0.242471226541546
796,8467,4-9,F>=7,hliml,6,12.7222623980596,3.13993371770167,0.165932409073786,3.13993371770167,288,0.721804511278195,3.01316721519792,1.49352471932659,0.751139811251935,hliml,0.868055555555556,0.868055555555556,0.0173611111111111,0.114583333333333,250,2.96868035129233,1.20392146466949,0.594606933224391,0.340241113529289,9.00080175815715,4.52678181100788,7.25549319382289,3.58342855710594,2.05048016495676
562,4808,4-9,F>=7,hliml,9,12.083983184272,2.00338220434623,0.176030233529624,2.00338220434623,336,0.842105263157895,2.22539622617408,1.34450396231538,0.431732678261702,hliml,0.681547619047619,0.681547619047619,0.107142857142857,0.211309523809524,229,2.2467242211265,0.477027758747857,0.377749217353719,0.213169128850698,7.63791500673726,2.45260526902071,2.70991947907391,2.14593373978651,1.21098020820852
418,7215,4-9,F>=7,hliml,4,7.32489096281266,3.47094315919177,0.448152836875847,3.47094315919177,233,0.583959899749373,4.04433480052617,2.81812485129264,0.88361033031783,hliml,0.339055793991416,0.339055793991416,0.240343347639485,0.420600858369099,79,3.49483085727105,0.438962338348999,0.0354159011722186,0.346365589697062,6.28831197619609,1.97167184409148,0.979492490573269,0.0790263906820476,0.772873808211587
882,5303,4-9,F>=7,hliml,5,8.69280725789306,2.27260547771473,0.161135156697182,2.27260547771473,242,0.606516290726817,2.5017945614271,0.916460499828487,0.500228600498327,hliml,0.479338842975207,0.479338842975207,0.0950413223140496,0.425619834710744,116,2.31738031992827,0.915157254635151,0.341111234363717,0.090893763957204,5.68752666155141,3.10440384799697,5.67943876056165,2.11692619634063,0.564084001407705
484,8901,4-9,F>=7,hliml,7,18.8898843467306,2.10847825851601,0.0232353731265247,2.10847825851601,98,0.245614035087719,2.10656529519801,0.0950896778698703,0.0222194184543744,hliml,0.826530612244898,0.826530612244898,0.173469387755102,0,81,2.10481180833074,0.0851594334591093,0.0162537462862361,0.0252803550062494,4.09245323292525,0.956275517220316,3.66507707861572,0.699525942524308,1.0880115790949
417,2301,4-9,F>=7,hliml,6,23.7789309274425,9.05531111042958,1.24645489277889,9.05531111042958,204,0.511278195488722,8.56621257868169,2.92073087911442,2.12573323084653,hliml,0.583333333333333,0.583333333333333,0.122549019607843,0.294117647058824,119,8.46710952496894,3.0972855341731,1.344803143557,0.133980189086328,2.34323030543274,1.70542331147446,2.48487574810501,1.07890237452464,0.107488999291123
480,3804,4-9,F>=7,hliml,7,383.231971141675,1.20918665313344,0.00392147698164833,1.20918665313344,155,0.388471177944862,1.2059714114393,0.712229174044324,0.00701243366255357,hliml,0.541935483870968,0.541935483870968,0.225806451612903,0.232258064516129,84,1.20325865884179,0.0652256073454936,0.00884979664573423,0.00439439221800264,181.622683845246,1.78821237390153,16.6329185790801,2.2567508842075,1.120596203565
512,4105,4-9,F>=7,hliml,7,23.1685073121326,2.04505394965088,0.0504094406556292,2.04505394965088,171,0.428571428571429,2.05472186682387,2.18410832659098,0.0700440656802973,hliml,0.701754385964912,0.701754385964912,0.187134502923977,0.111111111111111,120,2.05123078256751,0.604718262610048,0.0630834985949887,0.127726272609712,43.3273668222518,1.38950293376198,11.9961311759273,1.25142230849063,2.5337768272866
624,2001,4-9,F>=7,hliml,4,7.37961633489505,2.52112028439408,0.139093866177542,2.52112028439408,148,0.370927318295739,2.41732219582365,0.283611687326193,0.277268651654115,hliml,0.797297297297297,0.797297297297297,0.202702702702703,0,118,2.46665830279948,0.307637275736968,0.271239314070794,0.16011663276025,2.03899492565822,1.99339237073332,2.21172424198989,1.95004511359673,1.15114086020065
92,2905,4-9,F>=7,hliml,4,12.0536863760349,5.5510822611074,0.347019963607306,5.5510822611074,108,0.270676691729323,4.45342183488458,1.07965184951444,1.19286415443956,hliml,0.722222222222222,0.722222222222222,0.0185185185185185,0.259259259259259,78,3.94309727452692,1.08018768466562,1.11937004607119,0.826407286813114,3.11120962117382,3.43745109658711,3.11275372585764,3.22566469789008,2.38144018638735
368,7001,4-9,F2-7,step2_weighted,4,2.37230969449674,9.13040075067283,26.1401356230134,9.13040075067283,130,0.325814536340852,1.91087295569609,3.88935719029882,1.0010923670895,step2_weighted,0.138461538461538,0.361538461538462,0.138461538461538,0.5,18,9.06115393448616,,,25.5547778379693,0.148788715039209,0.03829713745663,,,0.977606933893302
580,8507,4-9,F2-7,step2_weighted,8,4.11113989607059,1.48027821373318,0.00448931737768448,1.48027821373318,200,0.50125313283208,1.48451754369782,2.29634985845265,0.0128435629034987,step2_weighted,0.21,0.48,0.21,0.31,42,1.48310120958193,,,0.00483285980813413,511.514260468053,2.86091666571437,,,1.07652442488413
854,5305,4-9,F2-7,step2_weighted,6,3.36743577021129,2.10367873386713,0.820346269602965,2.10367873386713,176,0.441102756892231,1.77708328267548,2.86702104431997,0.160155871074294,step2_weighted,0.210227272727273,0.318181818181818,0.210227272727273,0.471590909090909,37,2.0580153222714,,,0.501969465813045,3.49489130450676,0.195229596340831,,,0.611899492218073
580,9607,4-9,F2-7,step2_weighted,4,2.62005439395298,7.36181189185755,4.13438324822449,7.36181189185755,186,0.466165413533835,7.55873566278153,2.61282642941995,3.19727843922144,step2_weighted,0.440860215053763,0.193548387096774,0.440860215053763,0.365591397849462,82,7.4051369527477,1.57143114005356,0.215374359566119,3.93534741231545,0.631974897475224,0.773338669218561,0.380088406348979,0.0520934675464863,0.951858397260457
748,1520,4-9,F2-7,step2_weighted,5,2.23300825911118,4.84807152585609,0.556877753675069,4.84807152585609,227,0.568922305764411,4.71799628187779,2.70920814039767,2.04316023682927,step2_weighted,0.378854625550661,0.233480176211454,0.378854625550661,0.387665198237885,86,4.779329082319,1.43484949605641,0.741140345711221,0.712149300516771,4.86499617289157,3.66895646907352,2.57659690405522,1.33088517330801,1.27882519245382
598,8405,4-9,F2-7,step2_weighted,7,2.73285587840942,4.79490182130025,2.00455584073542,4.79490182130025,270,0.676691729323308,10,3.47999431826767,2.63362665009481e-15,step2_weighted,0.240740740740741,0.277777777777778,0.240740740740741,0.481481481481482,65,7.8669938205988,2.89176574811462,3.16239496158021,2.99560740415303,1.7360425923535,1.3138205464651e-15,1.44259675353005,1.57760382490518,1.49439957883838
24,3504,4-9,F2-7,step2_weighted,8,2.35258015025252,5.16936644008657,0.244216028853938,5.16936644008657,249,0.62406015037594,10,2.37172732157885,2.63362665009481e-15,step2_weighted,0.236947791164659,0.0321285140562249,0.236947791164659,0.730923694779117,59,5.67486823229438,1.54892155648154,0.894010142440758,1.16120723835603,9.71159564222275,1.07840040739911e-14,6.34242381120662,3.66073491013749,4.75483629721345
364,5406,4-9,F2-7,step2_weighted,9,2.76583104061754,1.94480087255494,0.0117316192452019,1.94480087255494,332,0.832080200501253,2.02833622996514,1.99263974441577,0.193001115212348,step2_weighted,0.240963855421687,0.563253012048193,0.240963855421687,0.19578313253012,80,1.97566189665701,2.35516449748615,0.0783741480657186,0.0810787179368209,169.852064132643,16.4513620139252,200.753574443647,6.68059083981719,6.91112763227305
516,0705,4-9,F2-7,step2_weighted,9,2.12452893041378,5.08014631577488,4.28997731469167,5.08014631577488,264,0.661654135338346,5.65958396117686,3.35590201820855,5.33378912965113,step2_weighted,0.185606060606061,0.378787878787879,0.185606060606061,0.435606060606061,49,10,,,3.66135259460562,0.782265679288269,1.24331406401259,,,0.853466656354282
854,0803,4-9,F2-7,step2_weighted,4,3.18923065954584,3.25431072935352,0.261708115080634,3.25431072935352,221,0.553884711779449,3.24733483061751,2.15409297496517,0.156687630901347,step2_weighted,0.425339366515837,0.429864253393665,0.425339366515837,0.144796380090498,94,3.25343592498621,2.09231938386011,0.0120939225656063,0.26212831924044,8.2308986647261,0.598711395911705,7.99485863560421,0.0462114923791342,1.00160562143698
232,6304,nexp_NA,F2-7,hliml,3,2.9630155356509,9.62061771852925,4.67172524176368,9.62061771852925,130,0.325814536340852,9.61215804887627,2.32056165523301,0.575014476736041,hliml,0.8,0.8,0,0.2,104,9.40140269164125,2.32647810538609,0.621152205900081,3.39127080777105,0.496724771929641,0.123083967266654,0.497991209882839,0.132959918179088,0.725914010835699
849,7214,nexp_NA,F2-7,hliml,3,2.07910929863168,3.65126514179064,0.417236801789336,3.65126514179064,195,0.488721804511278,3.65126514179064,1.97840624144161,0.358529600463938,hliml,0.538461538461538,0.538461538461538,0.0153846153846154,0.446153846153846,105,3.65126514179064,0.97225329077629,0.0551579120894216,0.417236801789337,4.74168681419553,0.859295246551528,2.33021940204398,0.132198099143879,1
292,0604,nexp_NA,F2-7,hliml,3,2.06703375908199,1.07721078249789,0.149816146519113,1.07721078249789,113,0.283208020050125,1.07732225750415,1.11696879180651,0.0106419080837688,hliml,0.778761061946903,0.778761061946903,0.141592920353982,0.079646017699115,88,1.0772107824979,1.21789576212136,0.00368276379240648,0.149816146519068,7.4555968616107,0.0710331184657135,8.12926904354724,0.0245818883876889,0.999999999999701
666,4819,nexp_NA,F2-7,hliml,3,4.55379297359642,7.13588901764463,7.74284847656397,7.13588901764463,117,0.293233082706767,7.13588901764448,2.27307094672375,5.00257382185509e-12,hliml,0.52991452991453,0.52991452991453,0,0.47008547008547,62,7.13588901764462,0.533005694052934,5.2277489004382e-13,7.74284847656334,0.293570377052306,6.46089593125433e-13,0.0688384508190021,6.75171277891016e-14,0.999999999999919
496,2935,nexp_NA,F2-7,hliml,3,6.15561940605215,1.66694753436408,0,1.66694753436408,128,0.320802005012531,1.66694753436408,3.3339241433203,0.0511325970440428,hliml,0.59375,0.59375,0.390625,0.015625,76,1.66694753436408,0.185438073326394,3.78583830951129e-15,0,Inf,Inf,Inf,Inf,
666,3919,nexp_NA,F2-7,hliml,3,3.06474651269076,1.67551441685036,0.020273046459223,1.67551441685036,104,0.260651629072682,1.67551441685036,1.68663958970546,0.0317098584157038,hliml,0.846153846153846,0.846153846153846,0.153846153846154,0,88,1.67551441685035,0.279063649440281,0.0204216004670561,0.0202282654236528,83.1961586581451,1.56413879282942,13.765254768275,1.00732766079987,0.997791104772521
324,9209,nexp_NA,F2-7,hliml,3,2.3532096404257,1.69822832336851,0.189645479260771,1.69822832336851,103,0.258145363408521,1.69822832336858,2.51952922124572,2.51840548415316e-13,hliml,0.825242718446602,0.825242718446602,0.0679611650485437,0.106796116504854,85,1.69822832336856,0.402313300059903,1.2443885921698e-13,0.189645479260749,13.2854694510342,1.32795439889724e-12,2.12139673261973,6.56165702984519e-13,0.999999999999884
670,0105,nexp_NA,F2-7,hliml,3,2.19781769505941,1.21190728668185,0.0446486673285484,1.21190728668185,144,0.360902255639098,1.21300896665406,1.24188148686054,0.0186029497812006,hliml,0.569444444444445,0.569444444444445,0.375,0.0555555555555556,82,1.21241949430399,1.12424894489626,0.00438452224202184,0.0446486673285465,27.8145252964019,0.416651848627648,25.179899248133,0.0982005176046627,0.999999999999958
454,3606,nexp_NA,F2-7,hliml,3,2.22940705824342,4.37644421804128,3.18186386260309,4.37644421804128,114,0.285714285714286,4.3066006319564,2.35881672266972,1.53542692811643,hliml,0.771929824561403,0.771929824561403,0,0.228070175438597,88,4.25740999770011,0.874585375475298,0.305977840412756,2.51304500070304,0.741331755388167,0.482555820870441,0.274865743237612,0.0961630835338236,0.789802804022896
454,4007,nexp_NA,F2-7,hliml,3,2.77559268755585,5.65021478890294,5.18572196669326,5.65021478890294,122,0.305764411027569,5.650214788903,2.72142503106659,2.52038170258744,hliml,0.524590163934426,0.524590163934426,0.39344262295082,0.0819672131147541,64,5.65021478890281,1.64049801485516,2.41038292480953,4.22717813137007,0.524791928403739,0.486023299894459,0.316349010878661,0.464811445791133,0.815157109949259
328,3603,4-9,F>=7,hliml_boundary,9,7.13199841740167,1.85602798372908,0.243580251887394,1.85602798372908,221,0.553884711779449,1.71693864873513,1.65231542019174,0.140800533942413,hliml_boundary,0.53393665158371,0.321266968325792,0.144796380090498,0.53393665158371,118,1.72442586072719,1.78358441715444,0.187037359002926,0.0951388934905658,6.78345394336649,0.578045768700105,7.32236871968992,0.767867499740466,0.390585413855916
184,9006,4-9,F>=7,hliml_boundary,4,7.66058187112858,2.31839391041355,0.333462313146729,2.31839391041355,182,0.456140350877193,2.7612820194804,1.83845592289021,1.23408281383921,hliml_boundary,0.884615384615385,0.021978021978022,0.0934065934065934,0.884615384615385,161,2.7010959971375,1.73142887837948,0.79026485256772,0.155075833995587,5.51323448080701,3.70081644967235,5.19227753817453,2.36987755860732,0.465047556745493
768,0504,4-9,F>=7,hliml_boundary,8,35.3147045431209,3.23466390743029,0.0813911658677202,3.23466390743029,335,0.839598997493734,3.96115225700261,2.79532877654969,1.31039846027182,hliml_boundary,0.656716417910448,0.170149253731343,0.173134328358209,0.656716417910448,220,3.76963527013726,2.81847857552797,1.09549304447295,0.0803179427021101,34.3443756671671,16.10000847514,34.6288021000788,13.4596062458841,0.986814009184309
24,5308,4-9,F>=7,hliml_boundary,9,7.54549815990918,2.83575461730137,1.65017525907312,2.83575461730137,302,0.756892230576441,2.35501567169296,1.82251558305149,0.850454818153712,hliml_boundary,0.758278145695364,0.109271523178808,0.132450331125828,0.758278145695364,229,2.28851828545499,1.93980138431472,0.874343226946947,0.588726251663919,1.10443758808696,0.515372420885405,1.1755123424916,0.529848706759823,0.356765894063034
600,0907,4-9,F>=7,hliml_boundary,7,9.83998957537875,1.58003119960961,1.64829065346465,1.58003119960961,227,0.568922305764411,2.16040248021013,2.18857417899945,1.04262267092392,hliml_boundary,0.607929515418502,0.229074889867841,0.162995594713656,0.607929515418502,138,2.01207983804169,2.3792140528009,0.900720960466732,0.149845915035536,1.32778413467258,0.632547826885002,1.44344327124581,0.546457603562484,0.0909098857780727
132,8706,4-9,F>=7,hliml_boundary,5,15.120391981352,1.16677972582246,0.865813704150636,1.16677972582246,148,0.370927318295739,1.79735017403736,2.44446261059914,0.757558342819798,hliml_boundary,0.574324324324324,0.0878378378378378,0.337837837837838,0.574324324324324,85,1.63041243383376,2.66069284640027,0.626001483240109,0.48456501906391,2.82331245033498,0.874966911690273,3.07305466943424,0.7230209919745,0.559664298152071
392,7805,4-9,F>=7,hliml_boundary,6,11.0753377803483,3.99169293314855,0.87753430422306,3.99169293314855,212,0.531328320802005,4.43253724807198,3.7048002839728,4.237954730336,hliml_boundary,0.905660377358491,0.080188679245283,0.0141509433962264,0.905660377358491,192,5.77912606317761,3.66503181409566,6.20240039648824,2.18522986067329,4.22182958107023,4.82938924431923,4.17651115911709,7.06798625038328,2.49019309006731
214,0903,4-9,F>=7,hliml_boundary,5,8.0042407170436,1.8460079493592,0.122148905566557,1.8460079493592,289,0.724310776942356,1.73441697332348,2.61690758435335,0.396624944355979,hliml_boundary,0.543252595155709,0.173010380622837,0.283737024221453,0.543252595155709,157,1.79742427084562,2.86416690781886,0.511703719623093,0.201946279196234,21.423913478516,3.24706097460581,23.4481585777141,4.18917973312722,1.65327948097084
24,5304,4-9,F>=7,hliml_boundary,5,15.3596580273016,2.75256267823935,0.885231655929161,2.75256267823935,231,0.578947368421053,10,3.25079583344072,2.63362665009481e-15,hliml_boundary,0.857142857142857,0.012987012987013,0.12987012987013,0.857142857142857,198,10,3.27245380726002,2.63362665009481e-15,2.10009824298903,3.67225438863074,2.97507057328456e-15,3.69672027128896,2.97507057328456e-15,2.37237137750651
304,4418,4-9,F>=7,hliml_boundary,7,18.7334875397051,3.75904626946166,3.18353397670302,3.75904626946166,221,0.553884711779449,10,3.56342005909921,2.63362665009481e-15,hliml_boundary,0.733031674208145,0.14027149321267,0.126696832579186,0.733031674208145,162,10,2.95657906559849,0,14.6078711652229,1.11932842092347,8.27265130313541e-16,0.928709756903686,0,4.58857083735332
410,3906,50+,F<2,hliml_boundary,55,1.6832741078643,1.18214745904256,0.120526103082953,1.18214745904256,397,0.994987468671679,1.329012235331,2.79378988467126,0.3770837821394,hliml_boundary,0.687657430730479,0.0503778337531486,0.261964735516373,0.687657430730479,273,1.23647274284787,2.01301227713204,0.148247164831855,0.117489447625566,23.1799569820026,3.1286482553897,16.7018780632654,1.23000048155397,0.974804997592121
496,6106,50+,F<2,hliml_boundary,54,0.945078572299355,1.25977132300564,0.294457111381556,1.25977132300564,363,0.909774436090226,2.0194470404986,2.69032363607034,0.803678212901671,hliml_boundary,0.267217630853994,0.40495867768595,0.327823691460055,0.267217630853994,97,1.83639452229573,2.84168079329166,0.79618990929802,0.325880971908787,9.13655514532382,2.72935575959064,9.65057620771614,2.70392487911872,1.10671795420323
231,6402,50+,F<2,hliml_boundary,69,1.7083158471574,3.34926688382041,0.757162357294851,3.34926688382041,369,0.924812030075188,2.92706014322227,2.39018011447328,1.20875860512356,hliml_boundary,0.254742547425474,0.691056910569106,0.0542005420054201,0.254742547425474,94,4.45865171939284,3.22635085815866,3.45702746443984,1.42486677555679,3.15676035852177,1.59643251342044,4.26110837005368,4.56576773941974,1.88185104796741
152,3918,50+,F<2,hliml_boundary,58,1.72672179629396,2.71064229664263,0.129556616259852,2.71064229664263,399,1,2.53758923789848,0.768597794898972,0.595090583324119,hliml_boundary,0.804511278195489,0.165413533834586,0.0300751879699248,0.804511278195489,321,2.5454590413626,0.805244263199143,0.596496692907693,0.160410059560085,5.93252445986544,4.59328593555226,6.21538510687917,4.60413917967183,1.23814641190034
191,7019,50+,F<2,hliml_boundary,54,1.67685645750857,3.59057723219665,0.244271618761901,3.59057723219665,398,0.997493734335839,3.23052886429094,0.823656188109492,0.697551427383011,hliml_boundary,0.673366834170854,0.251256281407035,0.0753768844221106,0.673366834170854,268,3.40388012586915,0.686700356744003,0.503389289230712,0.259236260579984,3.37188655924999,2.85563845246768,2.81121630185515,2.06077681796255,1.06126230257093
428,7326,50+,F<2,hliml_boundary,65,1.62362813654346,3.58117593057046,0.502804428932937,3.58117593057046,395,0.989974937343358,3.09043484902491,2.35689823985927,1.45327189300799,hliml_boundary,0.263291139240506,0.536708860759494,0.2,0.263291139240506,104,3.57129883266846,0.543262666542307,0.53598274988772,0.460436656810614,4.687504930816,2.89033232283208,1.08046515758668,1.06598653282588,0.915737074527692
670,6203,50+,F<2,hliml_boundary,52,1.33919592111093,2.06612420177705,0.532843735548204,2.06612420177705,387,0.969924812030075,2.10862743656702,1.73280078876526,0.646570487953861,hliml_boundary,0.604651162790698,0.248062015503876,0.147286821705426,0.604651162790698,234,2.22229798674501,1.96780207862089,0.67463897998459,0.531465413767522,3.25198678930232,1.21343359191162,3.69301907358704,1.26611037153417,0.997413272055711
788,1302,50+,F<2,hliml_boundary,53,1.5019208609509,3.47831782013798,0.544909157717548,3.47831782013798,391,0.979949874686717,2.25071000994341,1.60881556014594,1.13178855462752,hliml_boundary,0.242966751918159,0.654731457800512,0.10230179028133,0.242966751918159,95,2.71886790120245,2.57969873053421,1.8840720284497,0.451668319599755,2.95244727925799,2.0770224515371,4.73418127406732,3.45758921788264,0.828887371780741
203,2918,50+,F<2,hliml_boundary,54,0.916184403198259,2.16182003961414,0.473914318518832,2.16182003961414,397,0.994987468671679,2.33283121776434,1.78726022604285,1.04564440560469,hliml_boundary,0.473551637279597,0.241813602015113,0.28463476070529,0.473551637279597,188,2.15760082956244,1.45325764515768,0.793472142144491,0.48617391932135,3.77127289934759,2.20639969029158,3.06649870740282,1.67429451092426,1.02586881282852
528,3909,50+,F<2,hliml_boundary,67,1.1387662078128,4.59306974717934,0.532023918254816,4.59306974717934,399,1,3.89287376241861,2.07929444746147,2.09378668662756,hliml_boundary,0.363408521303258,0.323308270676692,0.31328320802005,0.363408521303258,145,4.60424178177642,1.73543749251824,1.00246037049318,0.429059328822223,3.908272497,3.93551232338531,3.26195389525146,1.88423929093549,0.806466239769173
724,2106,50+,F<2,hliml_boundary,114,1.34903046701258,1.42900739206601,0.146804397744903,1.42900739206601,398,0.997493734335839,1.85796362960328,0.842416259982378,0.790174314510907,hliml_boundary,0.625628140703518,0.201005025125628,0.173366834170854,0.625628140703518,249,1.52780937609596,0.731175928756524,0.47000088719416,0.165812129072699,5.73835847510656,5.38249757261336,4.98061325129417,3.20154501100754,1.12947657985577
784,3004,50+,F<2,hliml_boundary,102,1.36555689944737,4.17885184870194,1.06008629092351,4.17885184870194,328,0.822055137844611,4.07945468654285,2.66629456146812,1.7073387966645,hliml_boundary,0.466463414634146,0.246951219512195,0.286585365853659,0.466463414634146,153,3.65908629453872,1.58115830338101,1.09358975280371,0.765551321458698,2.51516747673941,1.61056586740418,1.49153735589162,1.0316044666996,0.722159439296
703,8547,50+,F<2,hliml_boundary,72,1.77684036728106,4.93457986507356,0.856392344332972,4.93457986507356,384,0.962406015037594,4.27919790082025,2.07397390718496,1.6504286028251,hliml_boundary,0.34375,0.390625,0.265625,0.34375,132,4.69919523103381,1.64644932929273,0.882656218296286,0.825967894789565,2.42175671105554,1.92718747866738,1.92254092436466,1.03066803917283,0.964473702100754
251,3806,50+,F<2,hliml_boundary,50,1.18166135260519,3.08813323186718,0.819073069954168,3.08813323186718,349,0.87468671679198,4.26509838369104,1.97922240825823,1.6533229269847,hliml_boundary,0.624641833810888,0.111747851002865,0.263610315186246,0.624641833810888,218,4.4803754560769,1.21673545402991,1.22433436549926,0.853977446335269,2.41641738797367,2.01852922240162,1.48550294065704,1.49478039311898,1.04261448417912
579,8441,50+,F<2,hliml_boundary,51,1.5362873844328,2.52698788839855,0.342420112602157,2.52698788839855,396,0.992481203007519,2.21569492472868,2.59631698725445,0.81213631444031,hliml_boundary,0.378787878787879,0.429292929292929,0.191919191919192,0.378787878787879,150,2.51429450503114,0.646848190624652,0.369432576683882,0.237964859348799,7.58225609916495,2.37175412468805,1.88904847238397,1.07888690847173,0.694950006120931
703,5603,50+,F<2,hliml_boundary,65,1.03344352286086,1.22059464535522,0.222444548774666,1.22059464535522,380,0.952380952380952,1.45603060707492,2.51001286676579,0.556586457315048,hliml_boundary,0.221052631578947,0.613157894736842,0.165789473684211,0.221052631578947,84,1.29540863539157,3.01551298214537,0.39786720841032,0.228539457875398,11.2837688340406,2.50213574745257,13.5562458093772,1.78861298513256,1.02739967841112
764,3907,50+,F<2,hliml_boundary,83,1.61361682512252,1.55510734929682,0.151259617528061,1.55510734929682,399,1,1.51526433106548,0.925086876538506,0.297574983295886,hliml_boundary,0.739348370927318,0.0902255639097744,0.170426065162907,0.739348370927318,295,1.44788853143854,1.03400090740885,0.228811543026073,0.103225490045641,6.11588797893722,1.96731281064282,6.8359349594219,1.51270740178638,0.682439184579397
579,5602,50+,F<2,hliml_boundary,50,1.80524155782986,3.17024407873376,0.251108746230164,3.17024407873376,399,1,2.98440657968377,0.966286378747632,0.52808260201091,hliml_boundary,0.714285714285714,0.230576441102757,0.0551378446115288,0.714285714285714,285,3.09266988719993,0.864328116875071,0.489755957703616,0.259295410985408,3.84807934113909,2.10300361870659,3.44204704077825,1.95037395174882,1.03260206933509
120,8517,50+,F<2,hliml_boundary,77,1.70440628991385,6.30098118110761,6.62275193325274,6.30098118110761,307,0.769423558897243,5.21419803321348,3.32563288021716,4.65324901810978,hliml_boundary,0.44299674267101,0.123778501628665,0.433224755700326,0.44299674267101,136,4.77454857239699,3.43629344435435,4.17000857438447,2.79777619866177,0.502152717440495,0.702615629425267,0.518861868749874,0.62964891579993,0.422449191342073
191,9021,50+,F<2,hliml_boundary,60,1.33990508451078,2.94972007580997,0.685522906123332,2.94972007580997,307,0.769423558897243,2.38460059196942,2.6881810221327,1.35754150756414,hliml_boundary,0.338762214983713,0.39413680781759,0.267100977198697,0.338762214983713,104,2.81880773107986,2.19682112729047,1.22230022840005,0.670065240675441,3.92135842306789,1.98030072436399,3.20459186362365,1.78301879847053,0.977451277980914
450,8205,50+,F>=7,hliml,66,11.9912142972179,1.14523172581789,0.441090818487386,1.14523172581789,368,0.922305764411028,1.60268491069886,2.81407308565059,0.597574285740072,hliml,0.684782608695652,0.684782608695652,0.214673913043478,0.10054347826087,252,1.38755849182313,0.411403268548991,0.324425536585032,0.20180078011268,6.37980426638844,1.35476473482107,0.932695153256192,0.73550734449103,0.457503923579064
705,8414,50+,F>=7,hliml,86,9.04083087434324,2.0733269906031,0.876301702760021,2.0733269906031,398,0.997493734335839,1.98263689554171,0.804263282022259,0.387846286098334,hliml,0.879396984924623,0.879396984924623,0.105527638190955,0.0150753768844221,350,2.0185128768099,0.696945820033115,0.376072456098866,0.269280460220858,0.917792672876398,0.442594468180039,0.79532633320008,0.429158650399034,0.307291951359589
792,8205,50+,F>=7,hliml,102,7.07172323407974,1.09510757867065,0.884120696846169,1.09510757867065,399,1,2.23672275860531,0.752597141004544,0.387798321461209,hliml,0.679197994987469,0.679197994987469,0.230576441102757,0.0902255639097744,271,2.1419072496001,0.365053699724413,0.355429748205308,0.245107417530632,0.851238008214494,0.438625996252052,0.412900298597952,0.402014961840839,0.277232982334853
348,0901,50+,F>=7,hliml,90,8.81060724500081,3.73373607388363,2.94690231769121,3.73373607388363,363,0.909774436090226,7.20110499597246,3.19852397809489,4.14964173297123,hliml,0.457300275482094,0.457300275482094,0.242424242424242,0.300275482093664,166,3.69905439801298,2.4765880780772,2.69700175105302,1.40479982595688,1.08538513777437,1.40813684527634,0.840403858386971,0.915198897113775,0.476703899387303
558,3921,50+,F>=7,hliml,50,8.83980873636134,3.25819822262749,0.998763425946902,3.25819822262749,398,0.997493734335839,3.33587709927912,2.9465308080612,2.30358945474086,hliml,0.442211055276382,0.442211055276382,0.201005025125628,0.35678391959799,176,2.38644812062755,0.947735348917011,1.20104721419644,0.591654438082435,2.9501789227691,2.30644154050483,0.94890874484965,1.20253423683166,0.592386968436998
56,8424,50+,F>=7,hliml,94,12.5923914915756,1.76634847049856,1.26479198555784,1.76634847049856,395,0.989974937343358,3.15920767729825,1.95487267676375,0.97862362219925,hliml,0.59746835443038,0.59746835443038,0.177215189873418,0.225316455696203,236,2.72519775170814,0.804702970874644,0.803791591855526,0.573593092265549,1.54560805182643,0.773742744557021,0.63623345187448,0.635512875661534,0.453507848575244
826,8419,50+,F>=7,hliml,141,10.3366796700544,1.27489556754397,0.114180456675787,1.27489556754397,399,1,1.37856625253809,0.797657117171545,0.286688684438533,hliml,0.827067669172932,0.827067669172932,0.075187969924812,0.0977443609022556,330,1.33287305505155,0.383136970008777,0.209308697599979,0.14858544673071,6.98593384887637,2.51083848133993,3.35553895266582,1.83313943290931,1.30132118101975
780,6206,50+,F>=7,hliml,78,8.94722359861511,1.13667937042259,0.188274722072939,1.13667937042259,321,0.804511278195489,2.89227935319326,4.02753362100823,2.78132480451554,hliml,0.439252336448598,0.439252336448598,0.398753894080997,0.161993769470405,141,1.16593855135029,0.368823225953272,0.179777634595306,0.208739046524419,21.3917916152755,14.7726937206049,1.95896306149047,0.954868676027889,1.10869395650231
380,4108,50+,F>=7,hliml,68,117.778461107194,1.52378993444342,0.820286824640249,1.52378993444342,390,0.977443609022556,4.98940015813794,2.92326277838279,3.04190445335724,hliml,0.330769230769231,0.330769230769231,0.333333333333333,0.335897435897436,129,3.85949632818162,2.03582675448178,2.12699667247316,0.916087831681652,3.56370807206959,3.70834245044875,2.48184743839403,2.59299138859873,1.11678964499207
100,5401,50+,F>=7,hliml,54,18.5854434713541,1.14037468225387,0.892507344181152,1.14037468225387,396,0.992481203007519,1.95627999557014,2.70480332090271,1.00015678920943,hliml,0.507575757575758,0.507575757575758,0.308080808080808,0.184343434343434,201,1.4506602866168,0.443681351929552,0.378933746477712,0.351747481559185,3.03056701834122,1.12061463217094,0.497117872275456,0.424572132597264,0.394111582221099
826,7204,50+,F<2,step2_weighted,119,1.65467701517084,1.28724816234466,0.168492742758434,1.28724816234466,383,0.959899749373434,1.69048028580581,3.06390535623736,0.761817479042873,step2_weighted,0.574412532637076,0.2088772845953,0.574412532637076,0.216710182767624,220,1.60946062477745,3.72703725967581,0.568094472681196,0.167164775906368,18.1841977647075,4.52136671628095,22.1198681833983,3.37162576488926,0.992118551634177
566,8411,50+,F<2,step2_weighted,55,1.43315948087634,1.20892493296055,0.128649752843788,1.20892493296055,361,0.904761904761905,1.39995179568613,2.89861122145583,0.433346454501208,step2_weighted,0.260387811634349,0.506925207756233,0.260387811634349,0.232686980609418,94,1.33382131945661,2.01625977239252,0.253768316193021,0.218699712253837,22.5310282949043,3.36842041995523,15.6724729571828,1.97255191388636,1.69996216408898
682,6908,50+,F<2,step2_weighted,51,1.41027401988508,1.19057530276083,0.915130283709281,1.19057530276083,391,0.979949874686717,1.78984600260053,2.08037203265213,0.918438140473195,step2_weighted,0.570332480818414,0.112531969309463,0.570332480818414,0.317135549872123,223,1.3672833835127,2.56740148845149,0.274267942486022,0.472404990234325,2.27330694840498,1.00361462932961,2.80550380001095,0.299703711447879,0.51621610457424
112,9603,50+,F<2,step2_weighted,68,1.14183397818656,8.14543527731659,8.63185278681087,8.14543527731659,382,0.957393483709273,3.50283696659317,3.39698842451783,3.45999173644728,step2_weighted,0.628272251308901,0.212041884816754,0.628272251308901,0.159685863874346,240,4.99639520129608,3.22582140835144,4.45584013893565,1.47375355910049,0.393541051778397,0.400839984404508,0.373711355837806,0.516209005063663,0.170734325005209
360,7018,50+,F<2,step2_weighted,62,1.42632995528911,1.99097196552715,0.969812374800447,1.99097196552715,389,0.974937343358396,1.71691062937668,0.900203010409282,0.386215399493687,step2_weighted,0.408740359897172,0.444730077120823,0.408740359897172,0.146529562982005,159,1.77709409527441,1.06344055700234,0.448751341674876,0.297135250602001,0.928223885155633,0.398237235911902,1.096542573218,0.462719752124438,0.306384263928516
528,5705,50+,F<2,step2_weighted,94,1.55380358248038,9.14011309465725,3.8419659803308,9.14011309465725,344,0.862155388471178,8.01816747362207,3.67377798616467,2.93826490360792,step2_weighted,0.648255813953488,0.229651162790698,0.648255813953488,0.122093023255814,223,10,2.06297269820963,0,1.43381995895183,0.956223455640374,0.764781603650466,0.536957565155746,0,0.373199545829497
620,8524,50+,F<2,step2_weighted,92,1.41393504657297,1.2063821640643,0.335220272277903,1.2063821640643,346,0.867167919799499,1.6827163026081,2.33206796890312,0.840893092538053,step2_weighted,0.34971098265896,0.476878612716763,0.34971098265896,0.173410404624277,121,2.08821507516619,2.93955232063937,1.34402405057471,0.698538591722244,6.95682260817984,2.50847923612728,8.76901716195264,4.00937580964822,2.08381965379213
784,8524,50+,F<2,step2_weighted,94,1.29627457452552,3.3084018260104,45.1449025049706,3.3084018260104,297,0.744360902255639,1.93382181569725,2.9400073420355,0.858728855533658,step2_weighted,0.235690235690236,0.205387205387205,0.235690235690236,0.558922558922559,70,1.91855292536377,2.92622100546289,0.580821992390296,0.791335928739676,0.0651237942470204,0.0190216128042166,0.0648184145516918,0.0128657270292332,0.0175287991518544
704,8501,50+,F<2,step2_weighted,69,1.51736808939503,5.99128172053006,1.48642032516426,5.99128172053006,380,0.952380952380952,5.37702111251739,3.34084437212108,4.88558179655495,step2_weighted,0.586842105263158,0.0710526315789474,0.586842105263158,0.342105263157895,223,6.76130437160379,2.75333158160972,3.93399548628905,1.40659188735088,2.24757715940939,3.28681040876849,1.85232369000703,2.64662385173878,0.946294842406326
398,6110,50+,F<2,step2_weighted,100,1.74113377199762,1.45399204843068,0.0804754808702799,1.45399204843068,382,0.957393483709273,1.31832315345968,1.15250492584736,0.173071492226525,step2_weighted,0.18848167539267,0.790575916230367,0.18848167539267,0.0209424083769634,72,1.46270707179407,2.24354442493824,0.144373950548267,0.0993613080805466,14.3211934043005,2.15061147016323,27.8786084988378,1.79401165407121,1.23467802871174
440,9031,50+,F<2,step2_weighted,75,1.88654758035544,3.46857369020991,0.598649003091574,3.46857369020991,399,1,2.55345889763544,1.9763591078763,1.41706173829475,step2_weighted,0.323308270676692,0.43859649122807,0.323308270676692,0.238095238095238,129,3.77027645406891,2.30442814641112,1.78661805492778,0.522697813600369,3.30136540388423,2.36709947060245,3.84938108058391,2.98441665433541,0.873129013664145
642,8512,50+,F<2,step2_weighted,70,1.26787565893351,1.52174142873023,4.50793209827508,1.52174142873023,362,0.907268170426065,1.50753824243883,3.65360788570924,0.587115980907687,step2_weighted,0.674033149171271,0.270718232044199,0.674033149171271,0.0552486187845304,244,1.68280557147509,4.02347665821371,0.722457813543811,0.483718880714035,0.810484232250805,0.130240644292833,0.892532666974567,0.160263685830639,0.107303941179399
251,4011,50+,F<2,step2_weighted,127,1.86977057334775,9.50558051293781,7.6964564589817,9.50558051293781,388,0.972431077694235,5.64080992475502,3.76099191268304,6.46293520555821,step2_weighted,0.61340206185567,0.0541237113402062,0.61340206185567,0.332474226804124,238,9.84939408462406,2.47242404638553,0.223288330136365,1.01857149550674,0.488665392018686,0.839728677736625,0.321241867548049,0.0290118356839126,0.132342916631208
642,4008,50+,F<2,step2_weighted,60,1.61948141945898,6.92733081028372,5.47451745082862,6.92733081028372,392,0.982456140350877,2.23004114048779,2.2590793757688,1.14811034856206,step2_weighted,0.313775510204082,0.573979591836735,0.313775510204082,0.112244897959184,123,3.23250741178454,3.02658611370526,1.66735429691437,1.20154309328889,0.412653607566247,0.209719004254574,0.552849843093871,0.304566441132085,0.219479269923055
348,7324,50+,F<2,step2_weighted,54,1.52712746084697,4.00907436677235,4.87434206596579,4.00907436677235,392,0.982456140350877,3.55702392034895,2.47904201027913,2.15899492224827,step2_weighted,0.584183673469388,0.237244897959184,0.584183673469388,0.178571428571429,229,3.37196665953668,2.6884551829583,1.76941798749709,0.815862858838384,0.508590077743742,0.442930531552773,0.551552424219456,0.363006527558198,0.167379073482552
40,6914,50+,F<2,step2_weighted,83,1.61557173583381,1.20527579466033,0.91266584641685,1.20527579466033,329,0.824561403508772,3.65285085918942,3.62526475465989,3.52220790793616,step2_weighted,0.501519756838906,0.200607902735562,0.501519756838906,0.297872340425532,165,10,3.62074079416166,0,0.888879593438208,3.97217094174475,3.85925245451491,3.96721407772273,0,0.973937610274311
56,7103,50+,F<2,step2_weighted,53,1.68011606202749,2.46701617517134,1.56378782358889,2.46701617517134,297,0.744360902255639,1.94323006791835,2.97446281153395,1.03950123839921,step2_weighted,0.424242424242424,0.111111111111111,0.424242424242424,0.464646464646465,126,2.30926547842194,2.53504987100668,1.4243418010627,0.990338136457469,1.90208848455386,0.664732914989426,1.62109579878219,0.910828041744077,0.633294441559628
858,8543,50+,F<2,step2_weighted,73,1.84365094561724,2.40171579277895,38.0447345993579,2.40171579277895,317,0.794486215538847,2.66091527279292,2.8809718156906,1.30998936808377,step2_weighted,0.321766561514196,0.160883280757098,0.321766561514196,0.517350157728707,102,2.68525302783359,3.05205187362881,1.3775356685768,0.639580149610181,0.0757259012588623,0.0344328691441543,0.0802227142801599,0.03620831326814,0.0168112659043487
804,7323,50+,F<2,step2_weighted,83,1.74571223816194,3.10405972600358,0.503302906226859,3.10405972600358,399,1,3.53067426392551,2.44861873284771,2.56460551988488,step2_weighted,0.333333333333333,0.583959899749373,0.333333333333333,0.0827067669172932,133,5.58194627603384,2.57605422530524,2.37339002548272,0.468906191625401,4.86509953062742,5.09555078692296,5.11829793437375,4.71562948697328,0.931658025066213
104,8539,20-49,F>=7,hliml,40,20.3504071678927,1.2327874380788,0.300043739367845,1.2327874380788,380,0.952380952380952,1.37407885037071,1.35208165860414,0.321851697476899,hliml,0.778947368421053,0.778947368421053,0.168421052631579,0.0526315789473684,296,1.34054884571054,0.463171369974555,0.244313177029605,0.185814488697966,4.50628185561483,1.0726825967274,1.54367950136337,0.814258539586071,0.619291337621155
458,4402,20-49,F>=7,hliml,28,12.6409884741926,1.21839120647877,0.225195131614438,1.21839120647877,299,0.74937343358396,1.23565323635412,2.26896715922405,0.275511115933093,hliml,0.555183946488294,0.555183946488294,0.187290969899666,0.25752508361204,166,1.14402463649173,0.534239292408591,0.157701356602331,0.145870759510564,10.0755604393296,1.22343282449286,2.37233943992748,0.700287592683555,0.647752722116181
188,7309,20-49,F>=7,hliml,46,7.2389455730597,5.89961847863813,0.726533291718262,5.89961847863813,390,0.977443609022556,5.742361368834,2.27421217530766,2.35841579224861,hliml,0.807692307692308,0.807692307692308,0.164102564102564,0.0282051282051282,315,5.39520737276866,1.83632180869722,1.87083719959701,0.839389582125346,3.13022431488186,3.24612212424694,2.5275122690583,2.57501923301058,1.1553353324528
804,4813,20-49,F>=7,hliml,41,14.964832117602,3.71827074818449,0.1248122961721,3.71827074818449,399,1,3.67723067114476,0.77530854763263,0.267139647000201,hliml,0.927318295739348,0.927318295739348,0.06265664160401,0.0100250626566416,370,3.67527413370221,0.792095908066979,0.263627529996659,0.120557351605039,6.21179620446673,2.14033116281948,6.34629705854284,2.11219197212068,0.965909251751971
144,8407,20-49,F>=7,hliml,34,160.278842802419,2.63028387355834,1.20168614548252,2.63028387355834,384,0.962406015037594,2.72154488550854,2.97351668926683,1.02223506504365,hliml,0.484375,0.484375,0.2109375,0.3046875,186,2.40535785398687,1.29550706125123,0.590951561087361,0.969818722185483,2.47445366699544,0.850667263566719,1.0780743924871,0.491768639680933,0.807048267828759
711,4909,20-49,F>=7,hliml,23,17.5861786657439,2.54113052544131,0.0206240131444252,2.54113052544131,396,0.992481203007519,2.54665934348238,1.48012910561076,0.137949613424958,hliml,0.896464646464647,0.896464646464647,0.0303030303030303,0.0732323232323232,355,2.54334025594279,0.662286918927795,0.10434674221878,0.059844845957196,71.7672693110581,6.68878614743548,32.1124174179852,5.05947806995973,2.90170712839041
400,1605,20-49,F>=7,hliml,38,8.54473423232389,5.74039415613948,4.13020619608261,5.74039415613948,388,0.972431077694235,3.63529219921275,2.36982037515737,1.63022242558313,hliml,0.649484536082474,0.649484536082474,0.195876288659794,0.154639175257732,252,3.62938556842843,1.75588813889927,1.52630324391616,0.769624487510694,0.573777739572682,0.394707273242036,0.425133287670888,0.36954649996986,0.186340451535001
360,2939,20-49,F>=7,hliml,39,7.51338348552008,1.36986195058311,0.121627817467884,1.36986195058311,377,0.944862155388471,1.29327380891465,0.533438916632194,0.185931081083369,hliml,0.830238726790451,0.830238726790451,0.156498673740053,0.013262599469496,313,1.2669490001729,0.168199385407168,0.152238878186827,0.109206779552618,4.38582988445919,1.5286887897373,1.38290227440431,1.25167812229325,0.897876668562719
348,2929,20-49,F>=7,hliml,40,9.22433046509467,2.42082923394397,1.94912933275126,2.42082923394397,355,0.889724310776942,3.90451244260424,2.61349442956495,1.85882095482536,hliml,0.416901408450704,0.416901408450704,0.374647887323944,0.208450704225352,148,3.28476202891462,1.99400625817833,1.44474912426014,1.11260787639224,1.34085223881779,0.953667323964372,1.02302408807512,0.741227942129848,0.570823011945419
156,2906,20-49,F>=7,hliml,48,8.4536757085031,1.96021543035765,0.493998684233167,1.96021543035765,399,1,2.45067100249794,1.79638092540442,1.22010266173437,hliml,0.704260651629073,0.704260651629073,0.037593984962406,0.258145363408521,281,1.99463653598679,0.935602857552522,0.626632508945241,0.44570507555601,3.63640831997951,2.46985002324112,1.89393795452078,1.26849023883122,0.902239398163331
499,8434,10-19,F>=7,step2_weighted,16,8.25829062248156,3.87878581574708,0.444540762766078,3.87878581574708,393,0.984962406015038,2.6368034054624,1.58015293970719,1.13644566017831,step2_weighted,0.33587786259542,0.470737913486005,0.33587786259542,0.193384223918575,132,3.85700064266144,1.50833314559416,1.09514467308441,0.520655112705691,3.55457378053469,2.55644871149042,3.39301425635035,2.46354162500208,1.17122018117305
583,7317,10-19,F>=7,step2_weighted,15,54.3452969742779,8.24602788980289,0.162851713423567,8.24602788980289,362,0.907268170426065,8.76207873548182,2.4804472715567,1.83534206677466,step2_weighted,0.593922651933702,0.265193370165746,0.593922651933702,0.140883977900553,215,9.54019551470271,1.73588715807358,0.68170612990176,1.09123971502264,15.2313243711794,11.2700199966644,10.6593116006011,4.18605439003695,6.70081813744506
418,8451,10-19,F>=7,step2_weighted,16,93.8187952847264,2.40652369622324,0.0326402781399902,2.40652369622324,317,0.794486215538847,1.92892479364004,2.32727851869182,0.754939390272658,step2_weighted,0.441640378548896,0.151419558359621,0.441640378548896,0.406940063091483,140,2.36994357312877,1.9368154635847,0.287347517466215,0.232145874776557,71.3008176189676,23.129073442169,59.3382034086207,8.8034641198159,7.11225173330054
608,0601,10-19,F>=7,step2_weighted,13,10.4610199588035,7.58590554244525,0.0612519967166879,7.58590554244525,317,0.794486215538847,7.69111419751481,2.12351540804371,0.864655096704218,step2_weighted,0.280757097791798,0.365930599369085,0.280757097791798,0.353312302839117,89,7.85389846530473,1.22896874305458,0.494301597061061,0.145187554004819,34.6685091404566,14.1163577197908,20.0641417248648,8.06996707956118,2.37033177344998
704,2830,10-19,F>=7,step2_weighted,19,9.9923536572093,1.53728764504688,0.0345576530470884,1.53728764504688,363,0.909774436090226,1.54494347902771,1.92633418350281,0.444948391126935,step2_weighted,0.432506887052342,0.25068870523416,0.432506887052342,0.316804407713499,157,1.56606987883379,1.36544110395257,0.146228040974436,0.224217625851342,55.7426217827345,12.875538466708,39.511974441436,4.23142279874113,6.48821913761975
711,3001,10-19,F>=7,step2_weighted,14,77.0984936007093,9.18710153297645,1.48264194580478,9.18710153297645,291,0.729323308270677,7.34057140946406,3.40909528674579,3.94286882832858,step2_weighted,0.305841924398625,0.36426116838488,0.305841924398625,0.329896907216495,89,8.87561293936461,2.0100671913314,1.66701625609804,0.859552405733357,2.29933821607571,2.6593533519574,1.35573338999277,1.12435525031175,0.579743752809306
398,2830,10-19,F>=7,step2_weighted,13,20.990768494591,3.36006391250896,0.00671880030145964,3.36006391250896,348,0.87218045112782,3.37655134998422,2.36985296933935,0.578248349510266,step2_weighted,0.591954022988506,0.089080459770115,0.591954022988506,0.318965517241379,206,3.38384827547289,2.13091911003011,0.126551943388953,0.063839760564028,352.719661696823,86.0642262852556,317.157679112322,18.8354970695379,9.50166066852129
192,8463,10-19,F>=7,step2_weighted,16,7.63713980331984,3.28244784734288,0.0865221723230125,3.28244784734288,347,0.869674185463659,3.58464076933849,2.93636705237805,1.77429849880655,step2_weighted,0.262247838616715,0.440922190201729,0.262247838616715,0.296829971181556,91,3.46367004418818,2.84104875920391,0.518970295025352,0.33657278265471,33.937740737897,20.5068649014333,32.8360775385695,5.99811910741081,3.89001771012158
400,1511,10-19,F>=7,step2_weighted,18,13.9547935532788,3.71389947880837,0.0754851951398215,3.71389947880837,398,0.997493734335839,3.78483567578916,1.89344421189213,1.17511158052083,step2_weighted,0.256281407035176,0.663316582914573,0.256281407035176,0.0804020100502513,102,3.96251245655968,2.0378183647409,0.644959278073195,0.563587646414877,25.0836499579142,15.5674444285952,26.9962654394182,8.54418243045587,7.46620109242536
478,2806,10-19,F>=7,step2_weighted,13,8.42455244677579,1.52740749769642,0.0109434144347006,1.52740749769642,350,0.87719298245614,1.5274408896455,2.63360334458341,0.0800121005088503,step2_weighted,0.157142857142857,0.425714285714286,0.157142857142857,0.417142857142857,55,1.53492688136835,2.16481851978346,0.0280567154499056,0.0171950440796097,240.656456931074,7.31143839852572,197.8192942158,2.56379904254931,1.57126865497169
16,7306,4-9,F>=7,step2_weighted,5,9.72046995847769,1.11116599574873,0.0197351025730982,1.11116599574873,141,0.353383458646617,1.12191832516558,1.46327692262206,0.0273047959360412,step2_weighted,0.148936170212766,0.50354609929078,0.148936170212766,0.347517730496454,21,1.11116599574874,,,0.0182225356233961,74.1458990244478,1.38356493638202,,,0.923356519475916
191,2614,4-9,F>=7,step2_weighted,7,7.19047428037617,3.4859942866421,0.0543339994336967,3.4859942866421,317,0.794486215538847,3.38251956558168,2.60025843146217,1.52484574125004,step2_weighted,0.113564668769716,0.50788643533123,0.113564668769716,0.378548895899054,36,3.47231499438016,,,0.104935568226337,47.8569304406764,28.0643014897293,,,1.9313057996842
704,9112,4-9,F>=7,step2_weighted,8,15.5732333117956,3.43597478507746,0.766702581078888,3.43597478507746,200,0.50125313283208,5.53029486703636,3.44928508582403,5.11947439719329,step2_weighted,0.475,0,0.475,0.525,95,3.4003249351854,3.02004444144963,1.36440755352866,0.484107270509174,4.49885675481915,6.67726250508935,3.93900387970507,1.77957866218306,0.631414687332797
780,3801,4-9,F>=7,step2_weighted,8,9.00713457315339,1.49089311655566,0.0318610635289347,1.49089311655566,336,0.842105263157895,1.49088784986819,0.861945514031563,0.186744460773653,step2_weighted,0.282738095238095,0.37797619047619,0.282738095238095,0.339285714285714,95,1.56539355614667,0.30824837916729,0.214351669163437,0.132336683061601,27.0532561867806,5.8612124044152,9.67476741281262,6.72769975078745,4.15355510469446
20,7309,4-9,F>=7,step2_weighted,5,38.194479193214,8.80190081604888,3.13274413891266,8.80190081604888,146,0.365914786967419,8.52715776450798,2.86666218634077,2.18363589834047,step2_weighted,0.602739726027397,0.150684931506849,0.602739726027397,0.246575342465753,88,8.95149369830911,1.52113739938508,1.55451544288691,0.934981179633147,0.915064256519766,0.697036145153683,0.485560687989366,0.496215258558099,0.298454370409474
694,9010,4-9,F>=7,step2_weighted,8,34.8413634548028,1.78944090846605,0.0496191451585883,1.78944090846605,262,0.656641604010025,1.68482329670291,1.57199307779768,0.459663128082908,step2_weighted,0.198473282442748,0.625954198473283,0.198473282442748,0.175572519083969,52,1.88408031271456,1.3002251986234,0.184058852288071,0.248968053301588,31.6811801729639,9.26382602146357,26.2041031635619,3.70943214962287,5.01758046225622
408,4814,4-9,F>=7,step2_weighted,7,50.9993034489022,7.14553690560266,11.7274990686861,7.14553690560266,153,0.383458646616541,2.79545497102823,3.69291078571995,2.43544051006541,step2_weighted,0.235294117647059,0.261437908496732,0.235294117647059,0.503267973856209,36,3.58297351526843,,,0.606423990087391,0.314893291748834,0.207669213683277,,,0.0517095747810903
711,7414,4-9,F>=7,step2_weighted,8,11.7406861418366,7.47894717514683,4.45454344458291,7.47894717514683,298,0.746867167919799,4.96032503990358,2.98475972380672,3.19544052991146,step2_weighted,0.191275167785235,0.25503355704698,0.191275167785235,0.553691275167785,57,5.06421571297316,2.07463773410365,0.847353740439158,0.58929691117338,0.670048403599348,0.717344116106303,0.46573521168069,0.190222354093237,0.132291203016555
678,8213,4-9,F>=7,step2_weighted,9,10.6325514188053,1.57987135047154,0.0572035950723581,1.57987135047154,261,0.654135338345865,1.71297131138836,3.13884800510489,0.616688356521439,step2_weighted,0.256704980842912,0.444444444444444,0.256704980842912,0.298850574712644,67,1.58734031738371,2.01973875796781,0.0990293856984949,0.0688828757735614,54.8715163991788,10.7805874043646,35.3078990125183,1.73117416087626,1.20417039674569
516,4812,4-9,F>=7,step2_weighted,7,12.4717662512565,9.11531991770008,4.68530539655619,9.11531991770008,212,0.531328320802005,10,2.51935817883196,0,step2_weighted,0.19811320754717,0.25,0.19811320754717,0.55188679245283,42,8.2474610678142,,,2.58032279933864,0.537714826590332,0,,,0.550726704226205
40,4823,50+,F>=7,step2_weighted,103,10.843112057281,1.39258139063421,0.00413997040651595,1.39258139063421,372,0.932330827067669,1.39415500678047,1.18442405725327,0.258483158300759,step2_weighted,0.440860215053763,0.532258064516129,0.440860215053763,0.0268817204301075,164,1.39012329441479,1.47023120843518,0.029591170140204,0.0392965794215553,286.094812511,62.4359917872673,355.130849757081,7.14767673064283,9.49199524704475
144,6506,50+,F>=7,step2_weighted,50,55.2632078123066,5.75613143529519,0.0187323694560143,5.75613143529519,369,0.924812030075188,4.00064299716602,2.95358892629752,2.75926156014246,step2_weighted,0.303523035230352,0.552845528455285,0.303523035230352,0.143631436314363,112,5.74926333132279,2.28209124298591,0.967933796881537,0.475001333946478,157.673001978361,147.299121268215,121.826085501064,51.6717225311168,25.3572477876776
620,7020,50+,F>=7,step2_weighted,62,56.9746851028974,4.1422155484651,0.0228498580779378,4.1422155484651,321,0.804511278195489,2.70813737007174,2.84320895726442,1.87741267534774,step2_weighted,0.271028037383178,0.330218068535826,0.271028037383178,0.398753894080997,87,5.63904482806971,2.79529836728821,2.70559586805844,0.586091837622007,124.430048867989,82.1629906384599,122.333292301152,118.407556792258,25.6496926861833
826,3005,50+,F>=7,step2_weighted,93,7.47702520251713,2.75938463812335,0.0244954676403414,2.75938463812335,389,0.974937343358396,2.75186472398605,1.75359003701383,1.08681360613834,step2_weighted,0.652956298200514,0.246786632390746,0.652956298200514,0.10025706940874,254,2.75152164135002,1.90989001870309,0.867083218664506,0.210048042091619,71.5883469857034,44.3679468420711,77.9691184812371,35.3977001539874,8.57497579452993
56,8479,50+,F>=7,step2_weighted,132,11.7298343043236,2.23013150164398,0.0322512353758124,2.23013150164398,398,0.997493734335839,2.22522976038607,1.96853308169445,0.40801456548581,step2_weighted,0.336683417085427,0.457286432160804,0.336683417085427,0.206030150753769,134,2.46728308026314,2.85779857521932,0.63195450796698,0.0837783093614674,61.0374473645992,12.6511298166212,88.6105149746478,19.5947380186537,2.59767752723975
251,1604,50+,F>=7,step2_weighted,112,7.14317160371242,3.58642928273395,0.0123194738809365,3.58642928273395,388,0.972431077694235,4.13494043491269,3.17550917013875,3.41651965984029,step2_weighted,0.788659793814433,0.188144329896907,0.788659793814433,0.0231958762886598,306,5.19339770872097,2.90774594025679,2.90123715017458,0.537440928765245,257.763375354252,277.326750546312,236.028418774953,235.500085329458,43.6253150060973
36,0714,50+,F>=7,step2_weighted,50,23.2857578157544,1.75961223445858,0.0204477635688123,1.75961223445858,347,0.869674185463659,1.37187663434918,2.04330778264491,0.419888444722438,step2_weighted,0.596541786743516,0.337175792507205,0.596541786743516,0.0662824207492795,207,1.7341992314504,2.41460858130792,0.370581621457889,0.104624524589564,99.9281792245214,20.5346879774602,118.086683327598,18.1233326672025,5.11667323604726
360,7306,50+,F>=7,step2_weighted,59,11.4935794991096,2.3683101080073,0.0253472089868047,2.3683101080073,397,0.994987468671679,2.34129538703086,0.878390435363563,0.686721677224225,step2_weighted,0.214105793450882,0.569269521410579,0.214105793450882,0.216624685138539,85,2.35344410716496,1.041498559104,0.324450437822856,0.153790212887785,34.6543256822018,27.0925953852244,41.089279677545,12.800243134925,6.06734307386053
659,2106,50+,F>=7,step2_weighted,64,8.58947406327469,9.21707164976697,1.59759281728445,9.21707164976697,392,0.982456140350877,8.3783104276413,3.12814146157821,2.404316959979,step2_weighted,0.61734693877551,0.11734693877551,0.61734693877551,0.26530612244898,242,9.62498761816701,1.80658657129397,0.555993357305594,1.0668209595424,1.95803425487061,1.50496229950871,1.13081791038893,0.348019439803602,0.667767749078741
508,6203,50+,F>=7,step2_weighted,63,8.06776939092894,2.26277837018698,0.128144591537975,2.26277837018698,383,0.959899749373434,1.8327437226493,1.84073646229528,0.909891930664021,step2_weighted,0.381201044386423,0.433420365535248,0.381201044386423,0.185378590078329,146,2.46746065065376,2.26666568449821,0.973787107825521,0.24817098644407,14.3645271345672,7.10050982053642,17.6883445278024,7.59912764275301,1.93664815241559
531,3919,20-49,F>=7,hliml_boundary,40,7.1270829803818,2.35803302319054,1.23256239502929,2.35803302319054,308,0.771929824561403,2.65151351651443,2.49231284068871,1.72553915662723,hliml_boundary,0.558441558441558,0.253246753246753,0.188311688311688,0.558441558441558,172,2.77061178900963,2.12280714556654,1.21039189795938,0.884017368372661,2.02205815359919,1.39996089738421,1.72227154919496,0.982012677687301,0.717219162240996
686,6909,20-49,F>=7,hliml_boundary,20,10.3119180764873,2.23961013591266,0.163963822337743,2.23961013591266,378,0.947368421052632,1.9406388234842,2.92038775435157,0.507582252572333,hliml_boundary,0.502645502645503,0.415343915343915,0.082010582010582,0.502645502645503,190,2.11021839922568,3.59254641849269,1.02877701877197,0.476796686962882,17.8111714688864,3.09569663194837,21.9106042251963,6.2744147099281,2.90793834984369
251,7203,20-49,F>=7,hliml_boundary,40,49.4070806371127,2.00402153727177,0.49066516451341,2.00402153727177,308,0.771929824561403,2.05840548743639,2.31595335422379,0.933057393684655,hliml_boundary,0.568181818181818,0.178571428571429,0.253246753246753,0.568181818181818,175,1.90812601768473,2.16859647325139,0.738643341019366,0.438811642255629,4.72002807967936,1.90161735775549,4.41970743001895,1.50539185261272,0.894319943603081
585,9405,20-49,F>=7,hliml_boundary,27,14.0661239554247,2.76137518650129,5.70073718470693,2.76137518650129,312,0.781954887218045,8.21846405903867,3.9003858298529,2.64130518606927,hliml_boundary,0.657051282051282,0.195512820512821,0.147435897435897,0.657051282051282,205,10,3.73910188292248,0,1.55976520759672,0.684189729061053,0.463326952372924,0.655897958768064,0,0.273607633023501
842,2511,20-49,F>=7,hliml_boundary,40,11.0887005703418,1.13013108067008,0.075019664493321,1.13013108067008,375,0.93984962406015,1.92151064153855,2.54575769968328,1.26256675470526,hliml_boundary,0.528,0.221333333333333,0.250666666666667,0.528,198,1.6123535002998,1.31738353627493,0.828010772972042,0.176929465535419,33.9345385890113,16.8298107333933,17.5605095700236,11.037249747308,2.35844117312963
740,2208,20-49,F>=7,hliml_boundary,39,11.0365741428968,4.09291982229496,1.26756509428793,4.09291982229496,377,0.944862155388471,3.58972754561175,2.21822022583936,1.90647879954768,hliml_boundary,0.326259946949602,0.437665782493369,0.236074270557029,0.326259946949602,123,4.08696222658262,2.37334317839656,2.10940251457274,1.32143401641184,1.74998525585423,1.50404804308583,1.8723639433522,1.66413742700742,1.04249795325436
380,7313,20-49,F>=7,hliml_boundary,37,7.89580727705205,4.86852328902748,1.26999639040556,4.86852328902748,377,0.944862155388471,4.52192869977237,2.99286009167374,3.47733088936661,hliml_boundary,0.511936339522547,0.156498673740053,0.331564986737401,0.511936339522547,193,4.03522078981177,3.047601102326,2.9472395095496,0.750466613389329,2.35658944724874,2.73806360052422,2.39969272775081,2.32066762694375,0.590920272733748
208,1703,20-49,F>=7,hliml_boundary,44,21.6350498288316,4.17355162520528,0.471912574562026,4.17355162520528,396,0.992481203007519,4.35990942186106,1.67797021789372,0.820263853539282,hliml_boundary,0.593434343434343,0.237373737373737,0.169191919191919,0.593434343434343,235,4.44050161707431,1.50694549709667,0.76469569213518,0.325723782374365,3.55568024321246,1.73816909689375,3.19327260667983,1.62041813114406,0.690220604264813
462,8502,20-49,F>=7,hliml_boundary,24,55.8366296628197,3.17457777551694,0.0253853920843448,3.17457777551694,395,0.989974937343358,3.18348961967226,1.0428441209268,0.508891982282787,hliml_boundary,0.394936708860759,0.460759493670886,0.144303797468354,0.394936708860759,156,3.17426824102708,1.21974934541566,0.12509127280299,0.0548515380553938,41.0804811468689,20.0466465356121,48.049261613252,4.92768724577368,2.16075205272172
108,8501,20-49,F>=7,hliml_boundary,30,10.2209976695867,2.67864481077241,3.49504404449889,2.67864481077241,361,0.904761904761905,2.44892213237752,2.51645424429351,1.0181060996056,hliml_boundary,0.515235457063712,0.224376731301939,0.260387811634349,0.515235457063712,186,2.7536749776414,2.91513269598439,1.13049564027391,0.69183369321158,0.720006446915696,0.291299934033185,0.834076097144678,0.323456765030839,0.197947060009303
654,4009,nexp_NA,F2-7,hliml_boundary,3,2.50203540338422,4.08768885331019,1.95338496156875,4.08768885331019,83,0.208020050125313,4.45889532441683,2.41077449651403,0.784294862564446,hliml_boundary,0.927710843373494,0.072289156626506,0,0.927710843373494,77,4.45889532387574,2.41484728552157,0.784294861742679,1.95338486111086,1.23415227614835,0.401505529117305,1.23623726660731,0.401505528696616,0.999999948572408
184,0906,nexp_NA,F2-7,hliml_boundary,3,2.43946180997913,3.21002118716109,0.0913164560894011,3.21002118716109,85,0.213032581453634,3.21002118716959,2.5446494083378,0.0795211612181154,hliml_boundary,0.929411764705882,0.0705882352941176,0,0.929411764705882,79,3.21002118717286,2.60140157980461,0.0732310933445911,0.0913164560901184,27.8662742435659,0.870830566839587,28.4877632270111,0.801948482022737,1.00000000000785
716,3817,nexp_NA,F2-7,hliml_boundary,3,2.05775234717716,8.925079410466,1.30943142969704,8.925079410466,20,0.050125313283208,4.96202178799314,,,hliml_boundary,0.5,0.25,0.25,0.5,10,8.83034216046613,,,1.55860197154429,,,,,1.19028911036976
706,1514,nexp_NA,F2-7,hliml_boundary,3,3.58377795160279,2.25408556024521,0.122460401212681,2.25408556024521,74,0.18546365914787,2.25514727749699,1.10181784433119,0.166621301943184,hliml_boundary,0.905405405405405,0.0945945945945946,0,0.905405405405405,67,2.25584942628678,1.12630608607893,0.0850310600655011,0.0783140410834184,8.99733982103838,1.36061371915488,9.19730847625463,0.694355556763405,0.639505018013193
562,5907,nexp_NA,F2-7,hliml_boundary,3,2.43608887210467,3.03970068004748,0.192435684446589,3.03970068004748,103,0.258145363408521,3.16206297300095,1.19562099316878,0.328462543726648,hliml_boundary,0.825242718446602,0.0485436893203884,0.12621359223301,0.825242718446602,85,3.10932751171815,1.28157021233179,0.191592651662509,0.193412566682114,6.21309398309972,1.70686920500867,6.65973265830272,0.995619145240635,1.00507640897443
332,5501,nexp_NA,F2-7,hliml_boundary,3,4.3400402598546,1.58799911293849,0.00909302489939267,1.58799911293849,103,0.258145363408521,1.58799911292118,1.68610250575993,0.0167187739315394,hliml_boundary,0.466019417475728,0.281553398058252,0.252427184466019,0.466019417475728,48,1.58799911290413,,,0.00909302491276685,185.428119290925,1.83863721000655,,,1.00000000147082
417,7905,nexp_NA,F2-7,hliml_boundary,3,2.0729663146248,3.92043414268698,0.946685392583166,3.92043414268698,94,0.235588972431078,3.79965937131486,0.943801316688975,0.290589051422637,hliml_boundary,0.829787234042553,0.138297872340426,0.0319148936170213,0.829787234042553,78,3.87853552365796,0.947215233324884,0.127682388450192,0.851907332454371,0.996953501219321,0.306954193757784,1.00055967985338,0.134873094536499,0.899884311228064
534,7607,nexp_NA,F2-7,hliml_boundary,3,2.73384720983225,6.71605337568943,2.86406603140117,6.71605337568943,107,0.268170426065163,7.5046707629447,1.87528175096015,2.26933843907978,hliml_boundary,0.869158878504673,0.0560747663551402,0.0747663551401869,0.869158878504673,93,7.50467106930233,1.60831483002298,1.67576081735384,2.49972845063598,0.654762051712444,0.792348505306482,0.561549493758061,0.585098527401624,0.872790090462074
652,8507,nexp_NA,F2-7,hliml_boundary,3,2.65970060916055,4.31052073418716,4.32443141966509,4.31052073418716,113,0.283208020050125,4.31214214802373,3.01261521737214,2.39738716456055,hliml_boundary,0.646017699115044,0.106194690265487,0.247787610619469,0.646017699115044,73,4.31052073418716,2.21956498607564,0.420187982358881,4.32443067722545,0.696650015924048,0.554382052090959,0.513261691694844,0.0971660645254082,0.999999828315083
275,5212,nexp_NA,F2-7,hliml_boundary,3,2.1366563769532,1.92948427362981,0.079613240286211,1.92948427362981,120,0.300751879699248,1.92948427362682,3.13070562850145,0.169038947921463,hliml_boundary,0.366666666666667,0.15,0.483333333333333,0.366666666666667,44,1.92948427362855,,,0.0796132402860451,39.3239317636929,2.12325170177428,,,0.999999999997916
152,9033,50+,F>=7,hliml_boundary,58,7.15866263321791,3.17745143901903,0.802474852457934,3.17745143901903,382,0.957393483709273,4.24620286214267,2.67332708691857,3.09680215100538,hliml_boundary,0.486910994764398,0.164921465968586,0.348167539267016,0.486910994764398,186,3.50355424687275,2.76120521252331,1.54844895282721,0.95505921477621,3.33135309939037,3.8590644199255,3.4408619834826,1.92959187204982,1.19014223542447
56,4911,50+,F>=7,hliml_boundary,137,7.83610994128596,2.80186067030661,0.24773299706119,2.80186067030661,399,1,2.56356155212932,0.856878537421753,0.624790786203691,hliml_boundary,0.24812030075188,0.6265664160401,0.12531328320802,0.24812030075188,99,2.8076043501167,0.494078216826576,0.425282278032533,0.232231385008284,3.45887930791111,2.52203296942865,1.99439809265513,1.71669613284293,0.937426131210625
392,8479,50+,F>=7,hliml_boundary,112,7.74710317431559,2.89168627147462,0.301553453994689,2.89168627147462,378,0.947368421052632,2.62652858386834,2.95642645814777,1.82487847690513,hliml_boundary,0.3994708994709,0.322751322751323,0.277777777777778,0.3994708994709,151,2.84185636892339,0.883993822929214,0.456599180039034,0.258251846876484,9.80398804584688,6.05159202367242,2.93146641571806,1.51415669092974,0.856404871028378
204,6309,50+,F>=7,hliml_boundary,107,7.24640215230507,1.05120878755618,0.603384678966146,1.05120878755618,386,0.967418546365915,5.10066046220475,3.21729926850847,4.94605657067512,hliml_boundary,0.173575129533679,0.336787564766839,0.489637305699482,0.173575129533679,67,7.00904157097107,2.80871275369656,2.31531246525725,0.88223295572049,5.33208644611439,8.1971862115389,4.6549288565117,3.83720791390388,1.46214013460224
711,6205,50+,F>=7,hliml_boundary,55,43.8429655034089,1.33441278411634,0.0185794828141421,1.33441278411634,308,0.771929824561403,1.39959891490059,1.87088712883359,0.30026905930019,hliml_boundary,0.772727272727273,0.159090909090909,0.0681818181818182,0.772727272727273,238,1.38037443918146,2.07123528331685,0.27528545903403,0.233253668244884,100.696405144794,16.1613249574221,111.479706084192,14.8166373514171,12.5543682016455
152,8544,50+,F>=7,hliml_boundary,95,30.5868598625274,1.28332533158734,0.0874655187653992,1.28332533158734,399,1,1.16646152540525,1.32356330277502,0.136820761067897,hliml_boundary,0.80952380952381,0.037593984962406,0.152882205513784,0.80952380952381,323,1.1455516029367,0.492646127768944,0.0989776986200428,0.0634094789636717,15.132400990213,1.56428227945322,5.63246105119806,1.13161963728268,0.724965447626844
392,9015,50+,F>=7,hliml_boundary,103,7.42725260798208,4.56626961697933,3.52890647743364,4.56626961697933,372,0.932330827067669,2.07316265188441,2.32253496602613,1.0070572694994,hliml_boundary,0.349462365591398,0.478494623655914,0.172043010752688,0.349462365591398,130,2.80304801440755,2.14611364893157,0.878677568803612,0.54440770662163,0.658145796970841,0.285373748479664,0.608152599864963,0.248994291694186,0.154270936365972
710,8473,50+,F>=7,hliml_boundary,169,12.492752228787,3.05129724585192,0.440916155946435,3.05129724585192,391,0.979949874686717,2.64616143021626,1.18402202944862,0.887817470787401,hliml_boundary,0.421994884910486,0.391304347826087,0.186700767263427,0.421994884910486,165,3.13985525886691,0.792165620263124,0.725747380609628,0.403927478032928,2.68536775865493,2.01357436967054,1.7966355044594,1.64599861180364,0.916109497430162
780,9017,50+,F>=7,hliml_boundary,66,8.09693676439639,2.37006934026757,0.443557106398906,2.37006934026757,384,0.962406015037594,2.83777679048655,1.85245048545612,1.24606159662609,hliml_boundary,0.6171875,0.0651041666666667,0.317708333333333,0.6171875,237,2.83579483273918,1.53113976475167,0.974231141817679,0.539101734627843,4.17635172277038,2.80924728439694,3.45195633811955,2.1964052153896,1.21540547282543
410,8545,50+,F>=7,hliml_boundary,53,7.90636216783501,1.10081862190919,0.107204789600381,1.10081862190919,399,1,1.74120920069165,1.43184806457229,0.681481666021109,hliml_boundary,0.473684210526316,0.295739348370927,0.230576441102757,0.473684210526316,189,1.70638643745953,0.394943900405608,0.376615193383906,0.0895335388420813,13.3561949042545,6.35682107638486,3.68401357698484,3.51304447112656,0.835163607669286
764,9106,20-49,F>=7,step2_weighted,46,25.2015452682322,1.28165823416685,0.007337149568613,1.28165823416685,359,0.899749373433584,1.34779094944289,2.59583121318649,0.246390650204516,step2_weighted,0.317548746518106,0.568245125348189,0.317548746518106,0.114206128133705,114,1.28135324676616,0.921858223280218,0.0354375528006129,0.0289345778582438,353.792871320354,33.5812494893835,125.642555689986,4.82988011478031,3.94357203538833
72,7308,20-49,F>=7,step2_weighted,29,10.1931400629228,2.76991162666488,0.110212666908227,2.76991162666488,392,0.982456140350877,2.50108415038549,1.63034743360759,1.30202614367793,step2_weighted,0.477040816326531,0.323979591836735,0.477040816326531,0.198979591836735,187,2.99368131393804,1.49121480527053,1.19057607160442,0.471483163805805,14.7927409738226,11.8137613416261,13.5303395435686,10.8025339101521,4.27793988687712
608,8416,20-49,F>=7,step2_weighted,37,7.12733694488416,3.13555264693542,0.184972370351899,3.13555264693542,385,0.964912280701754,2.99699908295679,1.62063786854318,0.68131341981805,step2_weighted,0.361038961038961,0.233766233766234,0.361038961038961,0.405194805194805,139,3.14596097587614,1.86374506921753,0.429954952454849,0.291084935918349,8.76151322200179,3.68332534487119,10.0758024869977,2.32442797611819,1.57366711236157
752,2819,20-49,F>=7,step2_weighted,22,9.55665457550319,4.24716108311629,0.287917372089385,4.24716108311629,381,0.954887218045113,3.65667912922844,2.66648749038025,2.96339399607282,step2_weighted,0.333333333333333,0.393700787401575,0.333333333333333,0.272965879265092,127,5.29374844988112,2.50793141982971,2.29331495163411,1.73780199890921,9.26129420753545,10.292515434438,8.71059429873899,7.96518436866723,6.03576639470615
288,2917,20-49,F>=7,step2_weighted,28,9.29103727901131,8.41129078059204,0.865899524342632,8.41129078059204,377,0.944862155388471,2.77741214261792,2.92212087800278,1.61321181273364,step2_weighted,0.289124668435013,0.551724137931035,0.289124668435013,0.159151193633952,109,7.75721504933302,2.5811067140469,3.22713270649019,0.892400052052641,3.37466506893068,1.86304734831486,2.98083858633184,3.72691359189756,1.03060462208953
214,9610,20-49,F>=7,step2_weighted,34,15.80631226952,8.75612891938645,1.33211105588927,8.75612891938645,346,0.867167919799499,6.51858046606319,3.56588545797321,5.16155260101472,step2_weighted,0.398843930635838,0.182080924855491,0.398843930635838,0.419075144508671,138,7.57277024908147,3.09643624155439,3.59861082871182,1.69824799265028,2.67686800001277,3.87471643463618,2.32445803063117,2.70143454842022,1.27485466406297
152,2401,20-49,F>=7,step2_weighted,37,9.22142777645004,1.75462651437462,0.00978015963595901,1.75462651437462,368,0.922305764411028,1.99366774292235,2.3521029005471,0.593535495461514,step2_weighted,0.342391304347826,0.516304347826087,0.342391304347826,0.141304347826087,126,1.76777596054937,2.8532970724641,0.0504135846370291,0.0448320530911926,240.497393508696,60.6877103804363,291.743404879947,5.15467911706389,4.58397968539871
4,8419,20-49,F>=7,step2_weighted,35,7.56192671197367,1.62484736656833,0.0115453141120241,1.62484736656833,372,0.932330827067669,1.61949453270429,1.95976071485888,0.302986471265118,step2_weighted,0.352150537634409,0.553763440860215,0.352150537634409,0.0940860215053763,131,1.69559841170054,2.13749494340703,0.223647719978712,0.236244698562398,169.745118741971,26.2432419183439,185.139609253324,19.3712979836373,20.4623881403414
388,2101,20-49,F>=7,step2_weighted,21,13.5237266058003,2.10573967732552,0.0737705986419483,2.10573967732552,354,0.887218045112782,2.93969332941533,2.69062505716606,1.91619209662511,step2_weighted,0.169491525423729,0.573446327683616,0.169491525423729,0.257062146892655,60,2.02922599221072,2.25126184114413,0.744262057160998,0.197297326730738,36.4728646194838,25.9750108024134,30.5170607611688,10.0888710524546,2.67447100013837
132,8512,20-49,F>=7,step2_weighted,30,7.99140443192544,3.60194047410219,0.136407860599207,3.60194047410219,396,0.992481203007519,3.70415882817309,2.00970667370757,0.402258782020175,step2_weighted,0.51010101010101,0.148989898989899,0.51010101010101,0.340909090909091,202,3.54080806905829,1.3879074037011,0.145105337411351,0.105479256209517,14.7330708426877,2.94894136051361,10.1746878633267,1.06376081828377,0.773263767543693
570,8479,nexp_NA,F>=7,hliml_boundary,3,12.1309384656455,5.34092396078693,1.67504388877381,5.34092396078693,117,0.293233082706767,5.24764772438346,1.7112999835967,0.175587280449479,hliml_boundary,0.94017094017094,0.0598290598290598,0,0.94017094017094,110,5.24764794913055,1.73715235019141,0.175041816437064,1.17330361895493,1.02164486260084,0.104825480470255,1.03707870691261,0.104499838846134,0.70046141884308
242,3201,nexp_NA,F>=7,hliml_boundary,3,757.520273509964,5.91894716222308,0.378719047825935,5.91894716222308,115,0.288220551378446,5.91894716219652,1.15916116838717,1.26183671202636,hliml_boundary,0.765217391304348,0.234782608695652,0,0.765217391304348,88,5.91894716222308,1.06394727743182,1.26183556613569,0.243238709472247,3.06074166335552,3.33185436346555,2.80933130651729,3.33185133776438,0.642266901727224
660,8519,nexp_NA,F>=7,hliml_boundary,3,55.2123320189833,4.39654638406667,0.426447461309349,4.39654638406667,103,0.258145363408521,3.77782550185322,1.03422504888575,0.917315477901194,hliml_boundary,0.660194174757282,0.0679611650485437,0.271844660194175,0.660194174757282,68,4.39654631517504,0.594062207916122,0.307521175438417,0.426313671002946,2.42521094089832,2.15106328710388,1.39304899621664,0.721123241053458,0.999686267785503
72,6814,nexp_NA,F>=7,hliml_boundary,3,7.40869737136336,1.7126985128482,0.125860741354865,1.7126985128482,115,0.288220551378446,1.66322467039903,0.151730917050533,0.0780540319017513,hliml_boundary,0.808695652173913,0.191304347826087,0,0.808695652173913,93,1.69694081908029,0.143973009448733,0.115946193546618,0.108143526663769,1.20554602981979,0.620161863512926,1.14390720965802,0.921226049509014,0.859231603911006
516,7202,nexp_NA,F>=7,hliml_boundary,3,35.4178889503113,1.28708240435139,0.0466084738750703,1.28708240435139,107,0.268170426065163,1.28708237605129,3.67866151758999,0.0216551486750923,hliml_boundary,0.719626168224299,0.121495327102804,0.158878504672897,0.719626168224299,77,2.14285623773215,4.02818059022643,1.26901770484937,0.046608464809654,78.9268819968297,0.464618273774355,86.4259276333226,27.2271885205007,0.99999980549854
388,2822,nexp_NA,F>=7,hliml_boundary,3,44.6760324563306,1.57515870401844,0.425710294576063,1.57515870401844,101,0.253132832080201,1.5751587060083,1.76977463427011,0.160352555458865,hliml_boundary,0.752475247524752,0.247524752475248,0,0.752475247524752,76,1.57498319115656,1.98937538954032,0.0953832249834008,0.425570535658848,4.15722771288044,0.376670607927276,4.67307324931244,0.224056655896439,0.999671704163617
776,5516,nexp_NA,F>=7,hliml_boundary,3,16.0856800657667,2.36022546256861,0.112641315094025,2.36022546256861,100,0.25062656641604,2.36022513904599,0.752500525446635,0.127674092672183,hliml_boundary,0.66,0.34,0,0.66,66,2.36022550984023,0.708380951257884,0.0334502045464283,0.112641338001969,6.68050195275596,1.13345704962349,6.28881996509519,0.296962127248837,1.0000002033707
520,0304,nexp_NA,F>=7,hliml_boundary,3,15.63366942844,3.03648023693933,0.0144624719909063,3.03648023693933,33,0.0827067669172932,3.03648023693933,,,hliml_boundary,0.818181818181818,0.181818181818182,0,0.818181818181818,27,3.03648023693933,,,0.0144624301194637,,,,,0.999997104821176
430,5907,nexp_NA,F>=7,hliml_boundary,3,9.89413524623399,6.01405973809031,0.224988869800475,6.01405973809031,90,0.225563909774436,6.1845323381614,1.27566590621998,0.417617157304975,hliml_boundary,0.966666666666667,0.0333333333333333,0,0.966666666666667,87,6.1845323380703,1.27872707377208,0.413134472828791,0.224988869799649,5.66990672628058,1.85616807478222,5.68351258844978,1.83624404707294,0.999999999996332
408,8707,nexp_NA,F>=7,hliml_boundary,3,8.28315524133358,2.7115040840234,0.597370523969261,2.7115040840234,126,0.315789473684211,2.68987094701684,0.608284394402349,0.455856676946557,hliml_boundary,0.555555555555556,0.23015873015873,0.214285714285714,0.555555555555556,70,2.71150408377685,0.234454745581185,0.0946703972141312,0.588513459052388,1.01826985094706,0.763105407206222,0.392477928143053,0.158478521144781,0.985173247487972
534,5911,nexp_NA,F>=7,hliml,3,11.8507972011313,4.18608826555401,0,4.18608826555401,97,0.243107769423559,4.18608826555402,2.30868925161971,2.56778598384244e-13,hliml,0.721649484536083,0.721649484536083,0,0.278350515463918,70,4.18608826555402,0.748883716976415,8.4276052803034e-14,0,Inf,Inf,Inf,Inf,
20,4105,nexp_NA,F>=7,hliml,3,10.0853011915532,2.76028722254544,0.244294464933093,2.76028722254544,107,0.268170426065163,2.76028722254544,1.93045445638291,1.51433532380452e-14,hliml,0.822429906542056,0.822429906542056,0.11214953271028,0.0654205607476636,88,2.76028722254544,0.735683838919973,7.90087995028443e-15,0.243541088077156,7.90216207686744,6.19881143938017e-14,3.01146339570755,3.23416249011139e-14,0.996916111643611
288,5505,nexp_NA,F>=7,hliml,3,32.0079731828782,2.06569282061384,0.120284010837503,2.06569282061384,118,0.295739348370927,2.06569282061388,2.68316487261827,1.28191777193365e-12,hliml,0.796610169491525,0.796610169491525,0.0847457627118644,0.11864406779661,94,2.06569282061386,0.866563405756756,2.48548515102698e-13,0.120284010837515,22.3069122316106,1.06574245654765e-11,7.20431086162762,2.06634708447221e-12,1.0000000000001
659,8459,nexp_NA,F>=7,hliml,3,387.844222457201,2.12589515853215,0.0316366076621,2.12589515853215,115,0.288220551378446,2.12589515853214,2.8240264422218,0.0526726783822741,hliml,0.739130434782609,0.739130434782609,0.104347826086957,0.156521739130435,85,2.12589515853214,0.493659324819337,3.04842284748474e-13,0.0316353005299417,89.2645150954324,1.66492814099581,15.6040536991812,9.63574502059109e-12,0.999958682922887
716,5809,nexp_NA,F>=7,hliml,3,67.5669745821597,4.5706287543055,0.981688489799811,4.5706287543055,102,0.255639097744361,4.57062875430549,2.07309827819774,4.02944877464506e-13,hliml,0.696078431372549,0.696078431372549,0,0.303921568627451,71,4.57062875430549,0.47029101152616,1.3694858580493e-13,0.979130531019584,2.11176793834111,4.10461038966318e-13,0.479063385598076,1.39503098210775e-13,0.997394327419741
882,9033,nexp_NA,F>=7,hliml,3,1986.94120434797,9.05463936856636,1.79574482596943,9.05463936856636,127,0.318295739348371,9.05463936856567,3.26399273121992,0.971497221327111,hliml,0.748031496062992,0.748031496062992,0.047244094488189,0.204724409448819,95,9.05463936856587,3.35602155773143,3.28413243266823e-12,1.79569866109273,1.81762613708653,0.540999593749436,1.86887441311139,1.82884137276871e-12,0.999974292073112
876,8535,nexp_NA,F>=7,hliml,3,7.68331442600659,1.34617518925441,0.0383553966531718,1.34617518925441,117,0.293233082706767,1.34617518925441,1.69689886696367,3.52247564450181e-14,hliml,0.641025641025641,0.641025641025641,0.111111111111111,0.247863247863248,75,1.34617518925441,0.786906373001805,4.27964330640407e-15,0.037261885751299,44.2414631324989,9.18378103700439e-13,20.516183944528,1.11578648113137e-13,0.971490037979247
740,2934,nexp_NA,F>=7,hliml,3,8.53852753049405,2.00392377163974,0.0150611998086282,2.00392377163974,25,0.06265664160401,2.00392377163974,,,hliml,0.84,0.84,0.12,0.04,21,2.00392377163974,,,0.0150611990028708,,,,,0.999999946501119
60,6308,nexp_NA,F>=7,hliml,3,9.86872672165406,1.3226890350359,0.0339122676718428,1.3226890350359,119,0.298245614035088,1.3226890350359,0.284908861063729,1.38265399129978e-14,hliml,0.705882352941177,0.705882352941177,0.109243697478992,0.184873949579832,84,1.3226890350359,0.109542124944163,3.29203331261851e-15,0.0330464208116359,8.40135091586007,4.07714991129239e-13,3.23016219393419,9.7074997887914e-14,0.974468034146659
776,0306,nexp_NA,F>=7,hliml,3,9.22748055916461,8.87537277669202,7.37857426219405,8.87537277669202,144,0.360902255639098,8.78277540979059,3.1874161222403,1.80465717744447,hliml,0.75,0.75,0.0902777777777778,0.159722222222222,108,8.82216402216172,3.13366888621784,0.25070480886882,5.58970913514341,0.431982658028098,0.244580743286826,0.42469842748266,0.0339774053848544,0.757559514415091
598,0807,nexp_NA,F2-7,step2_weighted,3,2.35460717207648,7.51973270154867,2.78284379157974,7.51973270154867,118,0.295739348370927,7.72384415142324,1.57398632116462,0.971244262391519,step2_weighted,0.347457627118644,0.0508474576271187,0.347457627118644,0.601694915254237,41,7.42638692585266,,,2.74657438689357,0.565603547682822,0.349011419660092,,,0.986966783836049
716,2704,nexp_NA,F2-7,step2_weighted,3,2.12451030456119,1.41076040760383,0.0742630208233653,1.41076040760383,110,0.275689223057644,1.4272710290868,0.736125567405988,0.0654411483476587,step2_weighted,0.545454545454545,0.445454545454545,0.545454545454545,0.00909090909090909,60,1.41076040760383,0.485067763408429,0.0409625009370098,0.0742630208233654,9.91241076978089,0.881207734645087,6.5317537319437,0.551586785493674,1
666,8539,nexp_NA,F2-7,step2_weighted,3,2.81059960486516,1.52208929768608,0.135684663862906,1.52208929768608,118,0.295739348370927,1.59411895705762,2.15695318217513,0.119530189776387,step2_weighted,0.449152542372881,0.26271186440678,0.449152542372881,0.288135593220339,53,1.52208929768608,0.10377349669478,0.00774752303733652,0.133325880088891,15.8968089743325,0.880941046492617,0.764813750798188,0.0570994747436198,0.982615693573165
422,1403,nexp_NA,F2-7,step2_weighted,3,2.28873617811727,5.14329366385077,1.39256211281657,5.14329366385077,97,0.243107769423559,5.20938422663048,2.76417374480969,0.4008847305468,step2_weighted,0.474226804123711,0.195876288659794,0.474226804123711,0.329896907216495,46,5.20818194709175,,,1.39256211281659,1.98495544246778,0.287875655137549,,,1.00000000000001
584,0705,nexp_NA,F2-7,step2_weighted,3,4.28108276923579,3.61083922252843,0.05382711833782,3.61083922252843,141,0.353383458646617,3.66172042385375,3.10268240613398,0.80599319414638,step2_weighted,0.375886524822695,0.0567375886524823,0.375886524822695,0.567375886524823,53,3.61083922252843,2.25256862771093,0.0278429051594614,0.0538271183378199,57.6416219545972,14.9737384990211,41.8482114084905,0.517265386282037,0.999999999999998
84,2814,nexp_NA,F2-7,step2_weighted,3,3.67040023785903,2.22559038298011,0.123477514793359,2.22559038298011,108,0.270676691729323,2.22559038298011,0.887041682273761,0.173286463025546,step2_weighted,0.351851851851852,0.222222222222222,0.351851851851852,0.425925925925926,38,2.22595366901704,,,0.123477514793361,7.1838316778422,1.40338476455039,,,1.00000000000001
364,2206,nexp_NA,F2-7,step2_weighted,3,3.38655340978563,7.92847652104388,1.70807856882942,7.92847652104388,96,0.240601503759399,7.88966392288445,0.742169638930952,0.1855531630835,step2_weighted,0.71875,0,0.71875,0.28125,69,7.89016820698425,0.447383333788296,0.0809971620675139,1.66030039410792,0.434505562258518,0.108632686147841,0.261921987637195,0.0474200446897609,0.972028116508575
508,1204,nexp_NA,F2-7,step2_weighted,3,2.32501445507399,7.23295800756436,30.5618346292171,7.23295800756436,138,0.345864661654135,4.50037091601096,2.57755527547368,3.38683370106168,step2_weighted,0.492753623188406,0.36231884057971,0.492753623188406,0.144927536231884,68,6.7847589512607,2.19044878873562,1.13028794318718,25.1605404757609,0.0843390230575209,0.110819057237613,0.0716726863851804,0.036983641751226,0.823266691316609
716,4904,nexp_NA,F2-7,step2_weighted,3,2.62659845489478,4.42921145533868,7.06553298925204,4.42921145533868,124,0.31077694235589,4.22582564245202,2.95639156735545,2.50550018497018,step2_weighted,0.637096774193548,0.266129032258065,0.637096774193548,0.0967741935483871,79,4.22582564245201,2.82954552673138,1.25678777688025,3.92724894472044,0.418424423444439,0.354608801456522,0.400471631939959,0.177875862838947,0.555831945119286
534,5601,nexp_NA,F2-7,step2_weighted,3,2.61914622687254,1.26218873850206,0.0322253715555123,1.26218873850206,69,0.172932330827068,1.26198576227583,0.418861135695371,0.0355748706015782,step2_weighted,0.739130434782609,0.202898550724638,0.739130434782609,0.0579710144927536,51,1.26218873850206,0.476106299433327,0.000273505574791617,0.0302764655067244,12.9978683092553,1.10393981153316,14.7742687345954,0.00848727451661709,0.939522619764657
796,0810,nexp_NA,F>=7,step2_weighted,3,52.0205516612081,6.95364672785839,0.960659703265897,6.95364672785839,94,0.235588972431078,6.95364672786077,1.84353098542258,0.304940214694747,step2_weighted,0.776595744680851,0.138297872340426,0.776595744680851,0.0851063829787234,73,6.9536467278607,1.40096803415062,0.0611383701486547,0.91911323938137,1.91902603924703,0.317427923392706,1.45833954457321,0.0636420679880776,0.95675215298062
48,4704,nexp_NA,F>=7,step2_weighted,3,2306.15483528376,9.53852376965563,0.230559960110719,9.53852376965563,86,0.215538847117795,9.71070606871694,0.301545011021179,0.255277490883869,step2_weighted,0.476744186046512,0,0.476744186046512,0.523255813953488,41,9.53852362988295,,,0.23055995109358,1.30788108601499,1.10720651912535,,,0.999999960890269
666,3808,nexp_NA,F>=7,step2_weighted,3,7.49406974239162,4.74661887324054,0.718418619895675,4.74661887324054,145,0.363408521303258,4.7466188732405,1.61126736194349,0.476211232363149,step2_weighted,0.420689655172414,0.420689655172414,0.420689655172414,0.158620689655172,61,4.74676294820833,1.15473442687062,0.00470318521836128,0.681731191737715,2.24279732919154,0.662860370228576,1.60732808823678,0.00654658034760326,0.948933077258928
512,4405,4-9,F_NA,step2_weighted,4,,4.29065451845443,1.77770859852669,4.29065451845443,2,0.0050125313283208,6.25708876515943,,,step2_weighted,0.5,0,0.5,0.5,1,10,,,,,,,,
795,2707,4-9,F_NA,step2_weighted,5,,2.65519297811647,0.278871275169584,2.65519297811647,8,0.0200501253132832,2.63726469096888,,,step2_weighted,0,0.25,0,0.75,0,,,,,,,,,
226,0908,4-9,F_NA,step2_weighted,4,,1.72724537932193,0.0109031873915396,1.72724537932193,42,0.105263157894737,5.75710731584377,,,step2_weighted,0.571428571428571,0.261904761904762,0.571428571428571,0.166666666666667,24,1.93266408411575,,,1.21329918413781e-15,,,,,1.11279311321319e-13
140,3505,4-9,F_NA,hliml,4,,2.31184557284735,1.65997266486499e-07,2.31184557284735,14,0.0350877192982456,2.30774663971288,,,hliml,0.214285714285714,0.214285714285714,0,0.785714285714286,3,2.31184557284734,,,0,,,,,0
64,2207,4-9,F_NA,hliml,4,,1.96944715780199,1.03649764121562e-06,1.96944715780199,7,0.0175438596491228,3.22816745738761,,,hliml,0.428571428571429,0.428571428571429,0,0.571428571428571,3,1.96944715780199,,,3.23955919567058e-08,,,,,0.031254863174326
458,2527,4-9,F_NA,hliml,4,,1.23893845956725,0,1.23893845956725,5,0.012531328320802,2.52717518538461,,,hliml,0,0,0,1,0,,,,,,,,,
268,4904,4-9,F_NA,hliml,6,,4.06158734943743,2.35695568323559e-09,4.06158734943743,7,0.0175438596491228,10,,,hliml,0.428571428571429,0.428571428571429,0,0.571428571428571,3,4.02795792438489,,,5.00484602340971e-09,,,,,2.12343662590174
598,7114,4-9,F_NA,hliml_boundary,4,,3.76012186838276,3.14235977938938e-06,3.76012186838276,1,0.0025062656641604,2.25891453682856,,,hliml_boundary,0,0,1,0,0,,,,,,,,,
148,6310,4-9,F_NA,hliml_boundary,5,,7.63095530986808,3.64325256864541e-07,7.63095530986808,4,0.0100250626566416,1.3663373543113,,,hliml_boundary,0,0.5,0.5,0,0,,,,,,,,,
316,9021,4-9,F_NA,hliml_boundary,5,,2.07647797398827,1.58281740382375e-08,2.07647797398827,25,0.06265664160401,2.23089013014908,,,hliml_boundary,0.88,0.12,0,0.88,22,2.25442803548277,,,4.60277583747629e-08,,,,,2.90796387906588
204,2841,4-9,F_NA,hliml_boundary,5,,1.58253343032261,2.30178453708225e-07,1.58253343032261,13,0.0325814536340852,3.32129437183718,,,hliml_boundary,1,0,0,1,13,3.32129437183718,,,6.39425860559763e-07,,,,,2.77795706009174
196,7504,4-9,F_NA,hliml_boundary,5,,1.37586940145925,8.85947934550998e-05,1.37586940145925,41,0.102756892230576,2.27483512362148,,,hliml_boundary,0.634146341463415,0.0487804878048781,0.317073170731707,0.634146341463415,26,2.31074788071001,,,0.356911041612393,,,,,4028.57806529316
882,3604,4-9,F_NA,hliml_boundary,4,,7.4574563605878,0.000478719217445358,7.4574563605878,7,0.0175438596491228,10,,,hliml_boundary,1,0,0,1,7,10,,,64.0772564093897,,,,,133851.43957941
324,4403,4-9,F_NA,hliml_boundary,4,,1.54140080435107,9.99953935098219e-10,1.54140080435107,27,0.0676691729323308,1.53350224593133,,,hliml_boundary,0.851851851851852,0.148148148148148,0,0.851851851851852,23,1.5344393109162,,,6.06244227386228e-09,,,,,6.06272155253512
