"J","T","n_obs","sigma_bias","omega_bias","success_rate"
10,15,150,-0.106882449775249,-0.679984157755978,0.43
10,30,300,-0.0226514320930408,-0.260099212735295,0.44
25,15,375,0.0131002966927648,-0.743684594872702,0.46
10,60,600,-0.0889801021998486,-0.390427240536368,0.55
25,30,750,-0.0270773803149487,-0.343556038392931,0.27
50,15,750,-0.0176467288211536,-0.414171328139418,0.35
25,60,1500,-0.248661717826447,-0.563531584095152,0.29
50,30,1500,-0.303741679168261,-0.838893929436819,0.25
50,60,3000,-0.0268026375486855,-0.962568413903728,0.25
