"J","T","n_obs","sigma_bias","omega_bias","success_rate"
10,15,150,-0.221416778614748,-0.384578997430679,0.39
10,30,300,-0.0469076171662296,-0.542278205042323,0.44
25,15,375,-0.174940080033465,-0.581222661746023,0.47
10,60,600,-0.0205149586321303,-0.789926210451664,0.5
25,30,750,-0.0342846080668693,-0.543190985652392,0.32
50,15,750,-0.182807329239413,-0.487096284024711,0.32
25,60,1500,-0.322374854802463,-0.670591479091306,0.31
50,30,1500,-0.3598735554993,-0.809847697786269,0.3
50,60,3000,-0.374603300716926,-0.913877056349818,0.26
