{
  "n_cells": 8128124,
  "n_importers": 233,
  "n_exporters": 233,
  "n_sigma": 242367,
  "sigma_median": 2.8752084362372,
  "sigma_q25": 2.10627468175404,
  "sigma_q75": 4.54138318252022,
  "gamma_median": 0.235309165324349,
  "gamma_q25": 0.15972368044192,
  "gamma_q75": 0.342402786412102
}
